customer_id,credit_score,country,gender,age,tenure,balance,credit_card,Activity status,Churn status,Products,Age group,Credit Scores category,Acc balance
15634602,619,France,Female,42,2,0,Owned,Active,Churned,Prod 1,41-50,601-700,0
15647311,608,Spain,Female,41,1,83807.86,Not Owned,Active,Not Churned,Prod 1,41-50,601-700,10k-100k
15619304,502,France,Female,42,8,159660.8,Owned,Inactive,Churned,Prod 3,41-50,501-600,100k-200k
15701354,699,France,Female,39,1,0,Not Owned,Inactive,Not Churned,Prod 2,31-40,601-700,0
15737888,850,Spain,Female,43,2,125510.82,Owned,Active,Not Churned,Prod 1,41-50,>=801,100k-200k
15574012,645,Spain,Male,44,8,113755.78,Owned,Inactive,Churned,Prod 2,41-50,601-700,100k-200k
15592531,822,France,Male,50,7,0,Owned,Active,Not Churned,Prod 2,41-50,>=801,0
15656148,376,Germany,Female,29,4,115046.74,Owned,Inactive,Churned,Prod 4,21-30,<=400,100k-200k
15792365,501,France,Male,44,4,142051.07,Not Owned,Active,Not Churned,Prod 2,41-50,501-600,100k-200k
15592389,684,France,Male,27,2,134603.88,Owned,Active,Not Churned,Prod 1,21-30,601-700,100k-200k
15767821,528,France,Male,31,6,102016.72,Not Owned,Inactive,Not Churned,Prod 2,31-40,501-600,100k-200k
15737173,497,Spain,Male,24,3,0,Owned,Inactive,Not Churned,Prod 2,21-30,401-500,0
15632264,476,France,Female,34,10,0,Owned,Inactive,Not Churned,Prod 2,31-40,401-500,0
15691483,549,France,Female,25,5,0,Not Owned,Inactive,Not Churned,Prod 2,21-30,501-600,0
15600882,635,Spain,Female,35,7,0,Owned,Active,Not Churned,Prod 2,31-40,601-700,0
15643966,616,Germany,Male,45,3,143129.41,Not Owned,Active,Not Churned,Prod 2,41-50,601-700,100k-200k
15737452,653,Germany,Male,58,1,132602.88,Owned,Inactive,Churned,Prod 1,51-60,601-700,100k-200k
15788218,549,Spain,Female,24,9,0,Owned,Active,Not Churned,Prod 2,21-30,501-600,0
15661507,587,Spain,Male,45,6,0,Not Owned,Inactive,Not Churned,Prod 1,41-50,501-600,0
15568982,726,France,Female,24,6,0,Owned,Active,Not Churned,Prod 2,21-30,701-800,0
15577657,732,France,Male,41,8,0,Owned,Active,Not Churned,Prod 2,41-50,701-800,0
15597945,636,Spain,Female,32,8,0,Owned,Inactive,Not Churned,Prod 2,31-40,601-700,0
15699309,510,Spain,Female,38,4,0,Owned,Inactive,Churned,Prod 1,31-40,501-600,0
15725737,669,France,Male,46,3,0,Not Owned,Active,Not Churned,Prod 2,41-50,601-700,0
15625047,846,France,Female,38,5,0,Owned,Active,Not Churned,Prod 1,31-40,>=801,0
15738191,577,France,Male,25,3,0,Not Owned,Active,Not Churned,Prod 2,21-30,501-600,0
15736816,756,Germany,Male,36,2,136815.64,Owned,Active,Not Churned,Prod 1,31-40,701-800,100k-200k
15700772,571,France,Male,44,9,0,Not Owned,Inactive,Not Churned,Prod 2,41-50,501-600,0
15728693,574,Germany,Female,43,3,141349.43,Owned,Active,Not Churned,Prod 1,41-50,501-600,100k-200k
15656300,411,France,Male,29,0,59697.17,Owned,Active,Not Churned,Prod 2,21-30,401-500,10k-100k
15589475,591,Spain,Female,39,3,0,Owned,Inactive,Churned,Prod 3,31-40,501-600,0
15706552,533,France,Male,36,7,85311.7,Not Owned,Active,Not Churned,Prod 1,31-40,501-600,10k-100k
15750181,553,Germany,Male,41,9,110112.54,Not Owned,Inactive,Not Churned,Prod 2,41-50,501-600,100k-200k
15659428,520,Spain,Female,42,6,0,Owned,Active,Not Churned,Prod 2,41-50,501-600,0
15732963,722,Spain,Female,29,9,0,Owned,Active,Not Churned,Prod 2,21-30,701-800,0
15794171,475,France,Female,45,0,134264.04,Owned,Inactive,Churned,Prod 1,41-50,401-500,100k-200k
15788448,490,Spain,Male,31,3,145260.23,Not Owned,Active,Not Churned,Prod 1,31-40,401-500,100k-200k
15729599,804,Spain,Male,33,7,76548.6,Not Owned,Active,Not Churned,Prod 1,31-40,>=801,10k-100k
15717426,850,France,Male,36,7,0,Owned,Active,Not Churned,Prod 1,31-40,>=801,0
15585768,582,Germany,Male,41,6,70349.48,Not Owned,Active,Not Churned,Prod 2,41-50,501-600,10k-100k
15619360,472,Spain,Male,40,4,0,Owned,Inactive,Not Churned,Prod 1,31-40,401-500,0
15738148,465,France,Female,51,8,122522.32,Not Owned,Inactive,Churned,Prod 1,51-60,401-500,100k-200k
15687946,556,France,Female,61,2,117419.35,Owned,Active,Not Churned,Prod 1,61-70,501-600,100k-200k
15755196,834,France,Female,49,2,131394.56,Not Owned,Inactive,Churned,Prod 1,41-50,>=801,100k-200k
15684171,660,Spain,Female,61,5,155931.11,Owned,Active,Not Churned,Prod 1,61-70,601-700,100k-200k
15754849,776,Germany,Female,32,4,109421.13,Owned,Active,Not Churned,Prod 2,31-40,701-800,100k-200k
15602280,829,Germany,Female,27,9,112045.67,Owned,Active,Churned,Prod 1,21-30,>=801,100k-200k
15771573,637,Germany,Female,39,9,137843.8,Owned,Active,Churned,Prod 1,31-40,601-700,100k-200k
15766205,550,Germany,Male,38,2,103391.38,Not Owned,Active,Not Churned,Prod 1,31-40,501-600,100k-200k
15771873,776,Germany,Female,37,2,103769.22,Owned,Inactive,Not Churned,Prod 2,31-40,701-800,100k-200k
15616550,698,Germany,Male,44,10,116363.37,Owned,Inactive,Not Churned,Prod 2,41-50,601-700,100k-200k
15768193,585,Germany,Male,36,5,146050.97,Not Owned,Inactive,Not Churned,Prod 2,31-40,501-600,100k-200k
15683553,788,France,Female,33,5,0,Not Owned,Inactive,Not Churned,Prod 2,31-40,701-800,0
15702298,655,Germany,Male,41,8,125561.97,Not Owned,Inactive,Churned,Prod 1,41-50,601-700,100k-200k
15569590,601,Germany,Male,42,1,98495.72,Owned,Inactive,Churned,Prod 1,41-50,601-700,10k-100k
15760861,619,France,Male,43,1,125211.92,Owned,Active,Not Churned,Prod 1,41-50,601-700,100k-200k
15630053,656,France,Male,45,5,127864.4,Owned,Inactive,Not Churned,Prod 1,41-50,601-700,100k-200k
15647091,725,Germany,Male,19,0,75888.2,Not Owned,Inactive,Not Churned,Prod 1,<20,701-800,10k-100k
15623944,511,Spain,Female,66,4,0,Owned,Inactive,Churned,Prod 1,61-70,501-600,0
15804771,614,France,Male,51,4,40685.92,Owned,Active,Not Churned,Prod 1,51-60,601-700,10k-100k
15651280,742,Germany,Male,35,5,136857,Not Owned,Inactive,Not Churned,Prod 1,31-40,701-800,100k-200k
15773469,687,Germany,Female,27,9,152328.88,Not Owned,Inactive,Not Churned,Prod 2,21-30,601-700,100k-200k
15702014,555,Spain,Male,33,1,56084.69,Not Owned,Inactive,Not Churned,Prod 2,31-40,501-600,10k-100k
15751208,684,Spain,Male,56,8,78707.16,Owned,Active,Not Churned,Prod 1,51-60,601-700,10k-100k
15592461,603,Germany,Male,26,4,109166.37,Owned,Active,Not Churned,Prod 1,21-30,601-700,100k-200k
15789484,751,Germany,Female,36,6,169831.46,Owned,Active,Not Churned,Prod 2,31-40,701-800,100k-200k
15696061,581,Germany,Female,34,1,101633.04,Owned,Inactive,Not Churned,Prod 1,31-40,501-600,100k-200k
15641582,735,Germany,Male,43,10,123180.01,Owned,Active,Not Churned,Prod 2,41-50,701-800,100k-200k
15638424,661,Germany,Female,35,5,150725.53,Not Owned,Active,Not Churned,Prod 2,31-40,601-700,100k-200k
15755648,675,France,Female,21,8,98373.26,Owned,Inactive,Not Churned,Prod 1,21-30,601-700,10k-100k
15703793,738,Germany,Male,58,2,133745.44,Owned,Inactive,Churned,Prod 4,51-60,701-800,100k-200k
15620344,813,France,Male,29,6,0,Owned,Inactive,Not Churned,Prod 1,21-30,>=801,0
15812518,657,Spain,Female,37,0,163607.18,Not Owned,Active,Not Churned,Prod 1,31-40,601-700,100k-200k
15779052,604,Germany,Female,25,5,157780.84,Owned,Active,Not Churned,Prod 2,21-30,601-700,100k-200k
15770811,519,France,Male,36,9,0,Not Owned,Active,Not Churned,Prod 2,31-40,501-600,0
15780961,735,France,Female,21,1,178718.19,Owned,Inactive,Not Churned,Prod 2,21-30,701-800,100k-200k
15614049,664,France,Male,55,8,0,Owned,Active,Not Churned,Prod 2,51-60,601-700,0
15662085,678,France,Female,32,9,0,Owned,Active,Not Churned,Prod 1,31-40,601-700,0
15575185,757,Spain,Male,33,5,77253.22,Not Owned,Active,Not Churned,Prod 1,31-40,701-800,10k-100k
15803136,416,Germany,Female,41,10,122189.66,Owned,Inactive,Not Churned,Prod 2,41-50,401-500,100k-200k
15706021,665,France,Female,34,1,96645.54,Not Owned,Inactive,Not Churned,Prod 2,31-40,601-700,10k-100k
15663706,777,France,Female,32,2,0,Owned,Inactive,Churned,Prod 1,31-40,701-800,0
15641732,543,France,Female,36,3,0,Not Owned,Inactive,Not Churned,Prod 2,31-40,501-600,0
15701164,506,France,Female,34,4,90307.62,Owned,Active,Not Churned,Prod 1,31-40,501-600,10k-100k
15738751,493,France,Female,46,4,0,Owned,Inactive,Not Churned,Prod 2,41-50,401-500,0
15805254,652,Spain,Female,75,10,0,Owned,Active,Not Churned,Prod 2,>71,601-700,0
15762418,750,Spain,Male,22,3,121681.82,Owned,Inactive,Churned,Prod 1,21-30,701-800,100k-200k
15625759,729,France,Male,30,9,0,Owned,Inactive,Not Churned,Prod 2,21-30,701-800,0
15622897,646,France,Female,46,4,0,Owned,Inactive,Churned,Prod 3,41-50,601-700,0
15767954,635,Germany,Female,28,3,81623.67,Owned,Active,Not Churned,Prod 2,21-30,601-700,10k-100k
15757535,647,Spain,Female,44,5,0,Owned,Active,Churned,Prod 3,41-50,601-700,0
15731511,808,France,Male,45,7,118626.55,Owned,Inactive,Not Churned,Prod 2,41-50,>=801,100k-200k
15809248,524,France,Female,36,10,0,Owned,Inactive,Not Churned,Prod 2,31-40,501-600,0
15640635,769,France,Male,29,8,0,Owned,Active,Not Churned,Prod 2,21-30,701-800,0
15676966,730,Spain,Male,42,4,0,Not Owned,Active,Not Churned,Prod 2,41-50,701-800,0
15699461,515,Spain,Male,35,10,176273.95,Not Owned,Active,Not Churned,Prod 1,31-40,501-600,100k-200k
15738721,773,Spain,Male,41,9,102827.44,Not Owned,Active,Not Churned,Prod 1,41-50,701-800,100k-200k
15693683,814,Germany,Male,29,8,97086.4,Owned,Active,Not Churned,Prod 2,21-30,>=801,10k-100k
15604348,710,Spain,Male,22,8,0,Not Owned,Inactive,Not Churned,Prod 2,21-30,701-800,0
15633059,413,France,Male,34,9,0,Not Owned,Inactive,Not Churned,Prod 2,31-40,401-500,0
15808582,665,France,Female,40,6,0,Owned,Active,Not Churned,Prod 1,31-40,601-700,0
15743192,623,France,Female,44,6,0,Not Owned,Inactive,Not Churned,Prod 2,41-50,601-700,0
15580146,738,France,Male,31,9,82674.15,Owned,Inactive,Not Churned,Prod 1,31-40,701-800,10k-100k
15776605,528,Spain,Male,36,7,0,Owned,Inactive,Not Churned,Prod 2,31-40,501-600,0
15804919,670,Spain,Female,65,1,0,Owned,Active,Churned,Prod 1,61-70,601-700,0
15613854,622,Spain,Female,46,4,107073.27,Owned,Active,Churned,Prod 2,41-50,601-700,100k-200k
15599195,582,Germany,Male,32,1,88938.62,Owned,Active,Not Churned,Prod 1,31-40,501-600,10k-100k
15812878,785,Germany,Female,36,2,99806.85,Not Owned,Active,Not Churned,Prod 1,31-40,701-800,10k-100k
15602312,605,Spain,Male,33,5,150092.8,Not Owned,Inactive,Not Churned,Prod 1,31-40,601-700,100k-200k
15744689,479,Germany,Male,35,9,92833.89,Owned,Inactive,Churned,Prod 1,31-40,401-500,10k-100k
15803526,685,Germany,Male,30,3,90536.81,Not Owned,Active,Not Churned,Prod 1,21-30,601-700,10k-100k
15665790,538,Germany,Male,39,7,108055.1,Owned,Inactive,Not Churned,Prod 2,31-40,501-600,100k-200k
15715951,562,France,Male,42,2,100238.35,Not Owned,Inactive,Not Churned,Prod 1,41-50,501-600,100k-200k
15591100,675,Spain,Male,36,9,106190.55,Not Owned,Active,Not Churned,Prod 1,31-40,601-700,100k-200k
15609618,721,Germany,Male,28,9,154475.54,Not Owned,Active,Churned,Prod 2,21-30,701-800,100k-200k
15675522,628,Germany,Female,30,9,132351.29,Owned,Active,Not Churned,Prod 2,21-30,601-700,100k-200k
15705512,668,Germany,Female,37,6,167864.4,Owned,Inactive,Not Churned,Prod 1,31-40,601-700,100k-200k
15698028,506,France,Female,41,1,0,Owned,Inactive,Not Churned,Prod 2,41-50,501-600,0
15661670,524,Germany,Female,31,8,107818.63,Owned,Inactive,Churned,Prod 1,31-40,501-600,100k-200k
15600781,699,Germany,Male,34,4,185173.81,Owned,Inactive,Not Churned,Prod 2,31-40,601-700,100k-200k
15682472,828,France,Male,34,8,129433.34,Not Owned,Inactive,Not Churned,Prod 2,31-40,>=801,100k-200k
15580203,674,Spain,Male,39,6,120193.42,Not Owned,Inactive,Not Churned,Prod 1,31-40,601-700,100k-200k
15690673,656,France,Female,39,6,0,Owned,Inactive,Not Churned,Prod 2,31-40,601-700,0
15760085,684,Germany,Female,48,10,126384.42,Owned,Active,Not Churned,Prod 1,41-50,601-700,100k-200k
15779659,625,France,Female,28,3,0,Not Owned,Inactive,Not Churned,Prod 1,21-30,601-700,0
15627360,432,France,Male,42,9,152603.45,Owned,Inactive,Churned,Prod 1,41-50,401-500,100k-200k
15671137,549,France,Female,52,1,0,Not Owned,Active,Churned,Prod 1,51-60,501-600,0
15782688,625,Germany,Male,56,0,148507.24,Owned,Inactive,Churned,Prod 1,51-60,601-700,100k-200k
15575492,828,France,Female,41,7,0,Owned,Inactive,Not Churned,Prod 2,41-50,>=801,0
15591607,770,France,Male,24,9,101827.07,Owned,Inactive,Not Churned,Prod 1,21-30,701-800,100k-200k
15740404,758,France,Female,34,3,0,Owned,Active,Not Churned,Prod 2,31-40,701-800,0
15718369,795,Germany,Female,33,9,130862.43,Owned,Active,Not Churned,Prod 1,31-40,701-800,100k-200k
15677871,687,France,Male,38,9,122570.87,Owned,Active,Not Churned,Prod 1,31-40,601-700,100k-200k
15642004,686,France,Male,25,1,0,Not Owned,Active,Not Churned,Prod 2,21-30,601-700,0
15712543,789,Germany,Male,39,7,124828.46,Owned,Active,Not Churned,Prod 2,31-40,701-800,100k-200k
15584518,589,Germany,Female,50,5,144895.05,Owned,Active,Not Churned,Prod 2,41-50,501-600,100k-200k
15802381,461,Germany,Female,34,5,63663.93,Not Owned,Active,Not Churned,Prod 1,31-40,401-500,10k-100k
15610156,637,France,Male,40,2,133463.1,Not Owned,Active,Not Churned,Prod 1,31-40,601-700,100k-200k
15594408,584,Spain,Female,48,2,213146.2,Owned,Inactive,Churned,Prod 1,41-50,501-600,>200k
15640905,579,Spain,Female,35,1,129490.36,Not Owned,Active,Churned,Prod 2,31-40,501-600,100k-200k
15698932,756,Germany,Male,44,10,137452.09,Owned,Inactive,Not Churned,Prod 1,41-50,701-800,100k-200k
15724944,663,France,Male,34,7,0,Owned,Active,Not Churned,Prod 2,31-40,601-700,0
15628145,682,France,Female,43,5,125851.93,Owned,Active,Not Churned,Prod 1,41-50,601-700,100k-200k
15713483,793,Spain,Male,52,2,0,Owned,Inactive,Churned,Prod 1,51-60,701-800,0
15612350,691,France,Female,31,5,40915.55,Owned,Inactive,Churned,Prod 1,31-40,601-700,10k-100k
15800703,485,Spain,Female,21,5,113157.22,Owned,Active,Not Churned,Prod 1,21-30,401-500,100k-200k
15705707,635,Spain,Female,29,8,138296.94,Owned,Inactive,Not Churned,Prod 2,21-30,601-700,100k-200k
15754105,650,France,Male,37,5,106967.18,Not Owned,Inactive,Not Churned,Prod 1,31-40,601-700,100k-200k
15703264,735,France,Male,44,9,120681.63,Owned,Inactive,Not Churned,Prod 1,41-50,701-800,100k-200k
15794413,416,France,Male,32,0,0,Not Owned,Active,Not Churned,Prod 2,31-40,401-500,0
15650237,754,Spain,Female,32,7,0,Owned,Inactive,Not Churned,Prod 2,31-40,701-800,0
15759618,535,France,Female,48,9,0,Owned,Inactive,Churned,Prod 1,41-50,501-600,0
15811589,716,Spain,Male,42,8,0,Owned,Inactive,Not Churned,Prod 2,41-50,701-800,0
15689044,539,France,Male,37,2,127609.59,Owned,Inactive,Not Churned,Prod 1,31-40,501-600,100k-200k
15709368,614,France,Female,43,6,0,Owned,Active,Not Churned,Prod 2,41-50,601-700,0
15679145,706,Spain,Male,57,7,0,Owned,Inactive,Churned,Prod 1,51-60,701-800,0
15655007,758,France,Female,33,7,0,Not Owned,Inactive,Not Churned,Prod 2,31-40,701-800,0
15623595,586,Spain,Female,28,2,0,Owned,Active,Not Churned,Prod 2,21-30,501-600,0
15589975,646,France,Female,73,6,97259.25,Not Owned,Active,Not Churned,Prod 1,>71,601-700,10k-100k
15804017,631,Germany,Female,33,4,123246.7,Not Owned,Inactive,Not Churned,Prod 1,31-40,601-700,100k-200k
15692132,717,Spain,Female,22,6,101060.25,Not Owned,Active,Not Churned,Prod 1,21-30,701-800,100k-200k
15641122,684,France,Male,30,2,0,Owned,Inactive,Not Churned,Prod 2,21-30,601-700,0
15630910,800,France,Female,49,7,108007.36,Not Owned,Inactive,Not Churned,Prod 1,41-50,701-800,100k-200k
15680772,721,Spain,Female,36,2,0,Owned,Active,Not Churned,Prod 2,31-40,701-800,0
15658929,683,Spain,Male,29,0,133702.89,Owned,Inactive,Churned,Prod 1,21-30,601-700,100k-200k
15585388,660,Germany,Male,31,9,125189.75,Owned,Active,Not Churned,Prod 2,31-40,601-700,100k-200k
15724623,704,Germany,Female,24,7,113034.22,Owned,Inactive,Churned,Prod 1,21-30,701-800,100k-200k
15588537,615,Spain,Female,41,9,109013.23,Owned,Inactive,Not Churned,Prod 1,41-50,601-700,100k-200k
15574692,667,Spain,Female,39,2,0,Owned,Inactive,Churned,Prod 2,31-40,601-700,0
15611325,682,Germany,Male,24,9,57929.81,Not Owned,Inactive,Not Churned,Prod 2,21-30,601-700,10k-100k
15587562,484,France,Female,29,4,130114.39,Owned,Inactive,Not Churned,Prod 1,21-30,401-500,100k-200k
15613172,628,Germany,Male,27,5,95826.49,Owned,Inactive,Not Churned,Prod 2,21-30,601-700,10k-100k
15651022,480,Germany,Male,44,10,129608.57,Owned,Inactive,Churned,Prod 1,41-50,401-500,100k-200k
15586310,578,France,Male,30,4,169462.09,Owned,Inactive,Not Churned,Prod 1,21-30,501-600,100k-200k
15625524,512,France,Male,40,5,0,Owned,Active,Not Churned,Prod 2,31-40,501-600,0
15755209,484,Spain,Female,35,7,133868.21,Owned,Active,Not Churned,Prod 1,31-40,401-500,100k-200k
15645248,510,France,Female,30,0,0,Owned,Active,Not Churned,Prod 2,21-30,501-600,0
15790355,606,Germany,Male,36,5,190479.48,Not Owned,Inactive,Not Churned,Prod 2,31-40,601-700,100k-200k
15762615,597,Spain,Female,40,8,101993.12,Not Owned,Active,Not Churned,Prod 1,31-40,501-600,100k-200k
15625426,754,Germany,Female,55,3,161608.81,Owned,Inactive,Churned,Prod 1,51-60,701-800,100k-200k
15716334,850,Spain,Female,45,2,122311.21,Owned,Active,Not Churned,Prod 1,41-50,>=801,100k-200k
15789669,510,France,Male,65,2,0,Owned,Active,Not Churned,Prod 2,61-70,501-600,0
15621075,778,Germany,Female,45,1,162150.42,Owned,Inactive,Not Churned,Prod 2,41-50,701-800,100k-200k
15810845,636,France,Male,42,2,0,Owned,Active,Not Churned,Prod 2,41-50,601-700,0
15719377,804,France,Female,50,4,0,Owned,Active,Churned,Prod 1,41-50,>=801,0
15654506,514,France,Male,32,8,0,Owned,Inactive,Not Churned,Prod 2,31-40,501-600,0
15771977,730,France,Female,39,1,99010.67,Owned,Inactive,Not Churned,Prod 1,31-40,701-800,10k-100k
15708710,525,Spain,Female,37,0,0,Not Owned,Active,Not Churned,Prod 1,31-40,501-600,0
15726676,616,Spain,Male,30,5,0,Not Owned,Active,Not Churned,Prod 2,21-30,601-700,0
15587421,687,Germany,Female,34,7,111388.18,Owned,Inactive,Not Churned,Prod 2,31-40,601-700,100k-200k
15726931,715,France,Female,41,8,56214.85,Not Owned,Inactive,Churned,Prod 2,41-50,701-800,10k-100k
15771086,512,France,Female,36,3,84327.77,Owned,Inactive,Not Churned,Prod 2,31-40,501-600,10k-100k
15756850,479,France,Male,40,1,0,Not Owned,Inactive,Not Churned,Prod 2,31-40,401-500,0
15702741,601,France,Male,32,8,93012.89,Owned,Inactive,Not Churned,Prod 1,31-40,601-700,10k-100k
15679200,580,Spain,Male,29,9,61710.44,Owned,Inactive,Not Churned,Prod 2,21-30,501-600,10k-100k
15594815,807,France,Male,35,3,174790.15,Owned,Active,Not Churned,Prod 1,31-40,>=801,100k-200k
15635905,616,Spain,Female,32,6,0,Owned,Active,Not Churned,Prod 2,31-40,601-700,0
15777892,721,Germany,Male,37,3,107720.64,Owned,Active,Not Churned,Prod 1,31-40,701-800,100k-200k
15656176,501,France,Male,57,10,0,Owned,Active,Not Churned,Prod 2,51-60,501-600,0
15811127,521,France,Male,35,6,96423.84,Owned,Inactive,Not Churned,Prod 1,31-40,501-600,10k-100k
15604482,850,Spain,Male,30,2,141040.01,Owned,Active,Not Churned,Prod 1,21-30,>=801,100k-200k
15622911,759,France,Male,42,4,105420.18,Not Owned,Active,Not Churned,Prod 1,41-50,701-800,100k-200k
15600974,516,Spain,Male,50,5,0,Not Owned,Active,Churned,Prod 1,41-50,501-600,0
15727868,711,France,Female,38,2,129022.06,Owned,Active,Churned,Prod 2,31-40,701-800,100k-200k
15627801,512,Spain,Male,33,3,176666.62,Owned,Inactive,Not Churned,Prod 1,31-40,501-600,100k-200k
15773039,550,France,Male,37,3,0,Owned,Active,Not Churned,Prod 1,31-40,501-600,0
15755262,608,Spain,Female,41,3,89763.84,Not Owned,Inactive,Churned,Prod 1,41-50,601-700,10k-100k
15679531,618,France,Male,34,5,134954.53,Owned,Active,Not Churned,Prod 1,31-40,601-700,100k-200k
15684181,643,France,Male,45,5,0,Owned,Inactive,Churned,Prod 1,41-50,601-700,0
15612087,671,France,Male,45,2,106376.85,Not Owned,Active,Not Churned,Prod 1,41-50,601-700,100k-200k
15752047,689,Germany,Male,33,2,161814.64,Owned,Inactive,Not Churned,Prod 2,31-40,601-700,100k-200k
15624592,603,France,Male,31,8,0,Owned,Active,Not Churned,Prod 2,31-40,601-700,0
15573152,620,France,Female,41,9,0,Not Owned,Inactive,Not Churned,Prod 2,41-50,601-700,0
15594917,676,France,Female,34,1,63095.01,Owned,Active,Not Churned,Prod 1,31-40,601-700,10k-100k
15785542,572,Germany,Male,26,4,118287.01,Not Owned,Inactive,Not Churned,Prod 2,21-30,501-600,100k-200k
15723488,668,Germany,Male,47,7,106854.21,Not Owned,Active,Churned,Prod 1,41-50,601-700,100k-200k
15680920,695,France,Male,46,7,49512.55,Owned,Inactive,Not Churned,Prod 1,41-50,601-700,10k-100k
15786308,730,Spain,Female,33,9,0,Not Owned,Inactive,Not Churned,Prod 2,31-40,701-800,0
15659366,807,France,Male,43,1,105799.32,Owned,Inactive,Churned,Prod 2,41-50,>=801,100k-200k
15774854,592,France,Male,54,8,0,Owned,Active,Churned,Prod 1,51-60,501-600,0
15725311,726,France,Female,31,9,114722.05,Owned,Active,Not Churned,Prod 2,31-40,701-800,100k-200k
15787155,514,Spain,Male,30,7,0,Not Owned,Active,Not Churned,Prod 1,21-30,501-600,0
15727829,567,France,Male,42,2,0,Owned,Active,Not Churned,Prod 2,41-50,501-600,0
15733247,850,France,Male,33,10,0,Owned,Inactive,Churned,Prod 1,31-40,>=801,0
15568748,671,Germany,Male,45,6,99564.22,Owned,Active,Churned,Prod 1,41-50,601-700,10k-100k
15699029,670,France,Male,37,4,170557.91,Owned,Inactive,Not Churned,Prod 2,31-40,601-700,100k-200k
15774393,694,France,Female,30,9,0,Owned,Active,Not Churned,Prod 2,21-30,601-700,0
15676895,547,Germany,Female,39,6,74596.15,Owned,Active,Churned,Prod 3,31-40,501-600,10k-100k
15637753,751,Germany,Male,50,2,96888.39,Owned,Inactive,Churned,Prod 1,41-50,701-800,10k-100k
15605461,594,Germany,Female,29,3,130830.22,Owned,Inactive,Not Churned,Prod 1,21-30,501-600,100k-200k
15808473,673,France,Male,72,1,0,Not Owned,Active,Not Churned,Prod 2,>71,601-700,0
15627000,610,France,Male,40,0,0,Owned,Inactive,Not Churned,Prod 2,31-40,601-700,0
15787174,512,France,Female,37,1,0,Not Owned,Active,Not Churned,Prod 2,31-40,501-600,0
15723886,767,Germany,Male,20,3,119714.25,Not Owned,Active,Not Churned,Prod 2,<20,701-800,100k-200k
15704769,585,France,Female,67,5,113978.97,Not Owned,Active,Not Churned,Prod 2,61-70,501-600,100k-200k
15772896,763,Germany,Male,42,6,100160.75,Owned,Inactive,Churned,Prod 1,41-50,701-800,100k-200k
15711540,712,France,Female,29,2,0,Owned,Active,Not Churned,Prod 1,21-30,701-800,0
15764866,539,Germany,Female,43,3,116220.5,Owned,Inactive,Churned,Prod 3,41-50,501-600,100k-200k
15794056,668,France,Female,46,2,0,Owned,Inactive,Churned,Prod 3,41-50,601-700,0
15795149,703,France,Male,28,2,81173.83,Not Owned,Active,Not Churned,Prod 2,21-30,701-800,10k-100k
15812009,662,Spain,Male,38,4,0,Owned,Inactive,Not Churned,Prod 2,31-40,601-700,0
15651001,725,Germany,Female,39,5,116803.8,Owned,Inactive,Not Churned,Prod 1,31-40,701-800,100k-200k
15813844,703,France,Male,37,8,105961.68,Not Owned,Active,Not Churned,Prod 2,31-40,701-800,100k-200k
15596175,659,Germany,Male,67,6,117411.6,Owned,Active,Churned,Prod 1,61-70,601-700,100k-200k
15576269,523,Spain,Male,34,7,0,Owned,Inactive,Not Churned,Prod 2,31-40,501-600,0
15797219,635,France,Female,40,10,123497.58,Owned,Inactive,Churned,Prod 1,31-40,601-700,100k-200k
15685500,772,Germany,Male,26,7,152400.51,Owned,Inactive,Not Churned,Prod 2,21-30,701-800,100k-200k
15599792,545,France,Female,26,1,0,Owned,Active,Not Churned,Prod 2,21-30,501-600,0
15657566,634,Germany,Male,24,8,103097.85,Owned,Active,Not Churned,Prod 1,21-30,601-700,100k-200k
15772423,739,Germany,Male,54,8,126418.14,Owned,Inactive,Churned,Prod 1,51-60,701-800,100k-200k
15628112,771,Germany,Female,36,5,77846.9,Not Owned,Inactive,Not Churned,Prod 1,31-40,701-800,10k-100k
15753754,587,Spain,Female,34,1,0,Owned,Active,Not Churned,Prod 2,31-40,501-600,0
15793726,681,France,Female,79,0,0,Not Owned,Active,Not Churned,Prod 2,>71,601-700,0
15694717,544,Germany,Male,37,2,79731.91,Owned,Active,Not Churned,Prod 1,31-40,501-600,10k-100k
15665834,696,Spain,Male,28,8,0,Not Owned,Inactive,Not Churned,Prod 1,21-30,601-700,0
15765297,766,Spain,Male,41,0,0,Not Owned,Active,Not Churned,Prod 2,41-50,701-800,0
15636684,727,France,Male,34,10,0,Owned,Active,Not Churned,Prod 2,31-40,701-800,0
15592979,671,Germany,Female,34,6,37266.67,Not Owned,Inactive,Not Churned,Prod 2,31-40,601-700,10k-100k
15750803,693,France,Female,30,6,127992.25,Owned,Active,Not Churned,Prod 1,21-30,601-700,100k-200k
15607178,850,Germany,Male,38,3,54901.01,Owned,Active,Not Churned,Prod 1,31-40,>=801,10k-100k
15713853,732,Germany,Male,42,9,108748.08,Owned,Active,Not Churned,Prod 2,41-50,701-800,100k-200k
15673481,726,Spain,Female,48,6,99906.19,Owned,Inactive,Not Churned,Prod 1,41-50,701-800,10k-100k
15686776,557,France,Female,32,6,184686.41,Owned,Inactive,Not Churned,Prod 2,31-40,501-600,100k-200k
15673693,682,France,Female,26,0,110654.02,Not Owned,Active,Not Churned,Prod 1,21-30,601-700,100k-200k
15700696,738,Spain,Male,31,9,79019.8,Owned,Active,Not Churned,Prod 1,31-40,701-800,10k-100k
15813163,531,Spain,Female,36,9,99240.51,Owned,Inactive,Not Churned,Prod 1,31-40,501-600,10k-100k
15653857,498,France,Male,34,2,0,Owned,Active,Not Churned,Prod 2,31-40,401-500,0
15777076,651,France,Male,36,7,0,Owned,Inactive,Not Churned,Prod 2,31-40,601-700,0
15717398,549,Spain,Female,39,7,0,Not Owned,Inactive,Churned,Prod 1,31-40,501-600,0
15799217,791,Germany,Female,35,7,52436.2,Owned,Inactive,Not Churned,Prod 1,31-40,701-800,10k-100k
15787071,650,Spain,Male,41,9,0,Not Owned,Active,Not Churned,Prod 2,41-50,601-700,0
15619955,733,Germany,Male,34,3,100337.96,Owned,Inactive,Churned,Prod 3,31-40,701-800,100k-200k
15796505,811,Germany,Female,34,1,149297.19,Owned,Active,Not Churned,Prod 2,31-40,>=801,100k-200k
15725166,707,France,Male,30,8,0,Owned,Inactive,Not Churned,Prod 2,21-30,701-800,0
15800116,712,Germany,Male,28,4,145605.44,Not Owned,Active,Not Churned,Prod 1,21-30,701-800,100k-200k
15758685,706,Spain,Female,37,7,0,Owned,Active,Not Churned,Prod 2,31-40,701-800,0
15694456,756,France,Male,62,3,0,Owned,Active,Churned,Prod 1,61-70,701-800,0
15767339,777,France,Female,53,10,0,Owned,Inactive,Not Churned,Prod 2,51-60,701-800,0
15683562,646,France,Male,35,6,84026.86,Not Owned,Active,Not Churned,Prod 1,31-40,601-700,10k-100k
15782210,714,France,Male,46,1,0,Owned,Inactive,Churned,Prod 1,41-50,701-800,0
15668893,782,France,Male,39,8,0,Owned,Active,Not Churned,Prod 2,31-40,701-800,0
15669169,775,Spain,Male,29,10,0,Owned,Active,Not Churned,Prod 2,21-30,701-800,0
15643024,479,Germany,Male,35,4,138718.92,Owned,Active,Churned,Prod 1,31-40,401-500,100k-200k
15699389,807,France,Male,42,7,118274.71,Owned,Active,Not Churned,Prod 1,41-50,>=801,100k-200k
15708608,799,France,Female,22,8,174185.98,Not Owned,Active,Not Churned,Prod 2,21-30,701-800,100k-200k
15626144,675,France,Male,40,7,113208.86,Owned,Inactive,Not Churned,Prod 2,31-40,601-700,100k-200k
15573112,602,Spain,Male,29,5,103907.28,Owned,Inactive,Not Churned,Prod 1,21-30,601-700,100k-200k
15790678,475,France,Female,32,8,119023.28,Owned,Inactive,Not Churned,Prod 1,31-40,401-500,100k-200k
15727556,744,Spain,Female,26,5,166297.89,Owned,Active,Not Churned,Prod 1,21-30,701-800,100k-200k
15697307,588,Spain,Male,34,10,0,Owned,Inactive,Not Churned,Prod 2,31-40,501-600,0
15652266,703,Germany,Male,42,9,63227,Not Owned,Active,Not Churned,Prod 1,41-50,701-800,10k-100k
15607098,747,Spain,Female,41,5,94521.17,Owned,Inactive,Not Churned,Prod 2,41-50,701-800,10k-100k
15655774,583,France,Male,27,7,0,Owned,Inactive,Not Churned,Prod 2,21-30,501-600,0
15590241,750,Spain,Female,34,9,112822.26,Not Owned,Inactive,Churned,Prod 1,31-40,701-800,100k-200k
15785819,681,France,Male,38,3,0,Owned,Active,Not Churned,Prod 2,31-40,601-700,0
15723654,773,France,Male,25,2,135903.33,Owned,Inactive,Not Churned,Prod 1,21-30,701-800,100k-200k
15774510,714,France,Female,31,4,125169.26,Owned,Active,Not Churned,Prod 1,31-40,701-800,100k-200k
15684173,687,Spain,Female,44,7,0,Owned,Inactive,Churned,Prod 3,41-50,601-700,0
15650068,511,France,Male,58,0,149117.31,Owned,Active,Not Churned,Prod 1,51-60,501-600,100k-200k
15811490,627,France,Male,33,5,0,Owned,Active,Not Churned,Prod 2,31-40,601-700,0
15803976,694,France,Female,31,10,0,Owned,Inactive,Not Churned,Prod 2,31-40,601-700,0
15682541,616,Spain,Female,36,6,132311.71,Not Owned,Inactive,Not Churned,Prod 1,31-40,601-700,100k-200k
15695699,687,France,Male,35,8,0,Owned,Inactive,Not Churned,Prod 2,31-40,601-700,0
15624188,712,France,Female,33,6,0,Owned,Active,Not Churned,Prod 2,31-40,701-800,0
15812191,553,France,Male,33,4,118082.89,Not Owned,Inactive,Not Churned,Prod 1,31-40,501-600,100k-200k
15636673,667,France,Male,31,1,119266.69,Owned,Active,Not Churned,Prod 1,31-40,601-700,100k-200k
15594898,731,France,Male,43,2,0,Owned,Active,Churned,Prod 1,41-50,701-800,0
15660211,629,Germany,Male,35,7,156847.29,Owned,Inactive,Not Churned,Prod 2,31-40,601-700,100k-200k
15773972,614,France,Male,50,4,137104.47,Owned,Inactive,Churned,Prod 1,41-50,601-700,100k-200k
15746726,438,Germany,Male,31,8,78398.69,Owned,Inactive,Not Churned,Prod 1,31-40,401-500,10k-100k
15712287,652,France,Female,80,4,0,Owned,Active,Not Churned,Prod 2,>71,601-700,0
15702919,729,Germany,Male,30,6,63669.42,Owned,Inactive,Not Churned,Prod 1,21-30,701-800,10k-100k
15674398,642,France,Male,38,3,0,Not Owned,Inactive,Not Churned,Prod 2,31-40,601-700,0
15797960,806,Germany,Female,59,0,135296.33,Owned,Inactive,Not Churned,Prod 1,51-60,>=801,100k-200k
15631868,744,Spain,Male,36,2,153804.44,Owned,Active,Not Churned,Prod 1,31-40,701-800,100k-200k
15581539,474,Spain,Male,37,3,0,Not Owned,Inactive,Not Churned,Prod 2,31-40,401-500,0
15662736,559,France,Male,49,2,147069.78,Owned,Inactive,Churned,Prod 1,41-50,501-600,100k-200k
15666252,706,Spain,Male,42,9,0,Owned,Active,Not Churned,Prod 2,41-50,701-800,0
15677512,628,Spain,Female,22,3,0,Owned,Inactive,Not Churned,Prod 1,21-30,601-700,0
15626114,429,France,Male,24,4,95741.75,Owned,Inactive,Not Churned,Prod 1,21-30,401-500,10k-100k
15810834,525,Spain,Female,57,2,145965.33,Owned,Active,Not Churned,Prod 1,51-60,501-600,100k-200k
15678910,680,France,Female,30,8,141441.75,Owned,Active,Not Churned,Prod 1,21-30,601-700,100k-200k
15694408,749,France,Male,40,1,139290.41,Owned,Inactive,Churned,Prod 1,31-40,701-800,100k-200k
15585215,763,France,Female,31,4,0,Not Owned,Inactive,Not Churned,Prod 2,31-40,701-800,0
15682757,734,France,Male,30,3,0,Owned,Inactive,Not Churned,Prod 2,21-30,701-800,0
15736601,716,France,Male,35,4,144428.87,Owned,Inactive,Not Churned,Prod 1,31-40,701-800,100k-200k
15601848,594,France,Male,35,2,0,Owned,Inactive,Not Churned,Prod 2,31-40,501-600,0
15736008,644,France,Female,46,9,95441.27,Owned,Inactive,Churned,Prod 1,41-50,601-700,10k-100k
15669064,671,Germany,Male,35,1,144848.74,Owned,Active,Not Churned,Prod 1,31-40,601-700,100k-200k
15624528,664,Germany,Male,26,7,116244.14,Owned,Active,Not Churned,Prod 2,21-30,601-700,100k-200k
15598493,656,France,Male,50,7,0,Not Owned,Active,Not Churned,Prod 2,41-50,601-700,0
15601274,667,Spain,Female,40,1,146502.07,Owned,Inactive,Not Churned,Prod 1,31-40,601-700,100k-200k
15702669,663,Germany,Male,44,2,117028.6,Not Owned,Active,Not Churned,Prod 2,41-50,601-700,100k-200k
15728669,584,Germany,Female,30,8,112013.81,Owned,Inactive,Churned,Prod 1,21-30,501-600,100k-200k
15742668,626,Spain,Female,37,6,108269.37,Owned,Inactive,Not Churned,Prod 1,31-40,601-700,100k-200k
15697441,485,France,Male,29,7,182123.79,Owned,Inactive,Churned,Prod 1,21-30,401-500,100k-200k
15740476,659,Germany,Female,32,3,150923.74,Not Owned,Active,Not Churned,Prod 2,31-40,601-700,100k-200k
15648064,649,France,Male,33,2,0,Owned,Inactive,Not Churned,Prod 2,31-40,601-700,0
15636624,805,Spain,Female,39,5,165272.13,Owned,Inactive,Churned,Prod 1,31-40,>=801,100k-200k
15807923,716,Germany,Female,39,10,115301.31,Owned,Inactive,Churned,Prod 1,31-40,701-800,100k-200k
15745844,642,Germany,Female,40,6,129502.49,Not Owned,Active,Churned,Prod 2,31-40,601-700,100k-200k
15786170,659,France,Male,31,4,118342.26,Not Owned,Inactive,Not Churned,Prod 1,31-40,601-700,100k-200k
15681081,545,Spain,Female,47,5,0,Owned,Active,Not Churned,Prod 2,41-50,501-600,0
15684484,543,France,Male,22,8,0,Not Owned,Inactive,Not Churned,Prod 2,21-30,501-600,0
15785869,718,France,Female,25,7,0,Owned,Inactive,Not Churned,Prod 2,21-30,701-800,0
15763859,840,France,Female,43,7,0,Owned,Inactive,Not Churned,Prod 2,41-50,>=801,0
15658935,630,Germany,Female,34,9,106937.05,Owned,Inactive,Not Churned,Prod 2,31-40,601-700,100k-200k
15747358,643,Germany,Male,59,3,170331.37,Owned,Active,Not Churned,Prod 1,51-60,601-700,100k-200k
15735203,654,Germany,Female,32,1,114510.85,Owned,Active,Not Churned,Prod 1,31-40,601-700,100k-200k
15576256,582,France,Male,39,5,0,Owned,Active,Not Churned,Prod 2,31-40,501-600,0
15659420,659,Spain,Male,32,3,107594.11,Owned,Active,Not Churned,Prod 2,31-40,601-700,100k-200k
15593365,762,Spain,Male,39,2,81273.13,Owned,Active,Not Churned,Prod 1,31-40,701-800,10k-100k
15777352,568,Spain,Female,32,7,169399.6,Owned,Inactive,Not Churned,Prod 1,31-40,501-600,100k-200k
15812007,670,Spain,Male,25,6,0,Owned,Active,Not Churned,Prod 2,21-30,601-700,0
15625461,613,France,Female,45,1,187841.99,Owned,Active,Not Churned,Prod 2,41-50,601-700,100k-200k
15739438,539,France,Male,30,0,0,Owned,Inactive,Not Churned,Prod 2,21-30,501-600,0
15611759,850,Spain,Female,57,8,126776.3,Owned,Active,Not Churned,Prod 2,51-60,>=801,100k-200k
15661629,522,Spain,Male,34,9,126436.29,Owned,Inactive,Churned,Prod 1,31-40,501-600,100k-200k
15633950,737,France,Male,41,1,101960.74,Owned,Active,Not Churned,Prod 1,41-50,701-800,100k-200k
15592386,520,France,Male,58,3,0,Not Owned,Active,Not Churned,Prod 2,51-60,501-600,0
15803716,706,Spain,Male,28,3,0,Not Owned,Active,Not Churned,Prod 2,21-30,701-800,0
15696674,643,Germany,Female,45,2,150842.93,Not Owned,Active,Churned,Prod 1,41-50,601-700,100k-200k
15706365,648,France,Female,50,9,102535.57,Owned,Active,Not Churned,Prod 1,41-50,601-700,100k-200k
15745088,443,Germany,Female,29,9,99027.61,Owned,Inactive,Not Churned,Prod 2,21-30,401-500,10k-100k
15676715,640,France,Male,68,9,0,Owned,Active,Not Churned,Prod 2,61-70,601-700,0
15613085,628,Spain,Female,33,3,0,Owned,Active,Not Churned,Prod 1,31-40,601-700,0
15633537,540,Germany,Female,42,9,87271.41,Owned,Inactive,Not Churned,Prod 2,41-50,501-600,10k-100k
15594720,460,Germany,Female,35,8,102742.91,Owned,Active,Not Churned,Prod 2,31-40,401-500,100k-200k
15684042,636,Germany,Male,34,2,40105.51,Not Owned,Active,Not Churned,Prod 2,31-40,601-700,10k-100k
15583303,593,France,Female,29,2,152265.43,Owned,Inactive,Not Churned,Prod 1,21-30,501-600,100k-200k
15611579,801,Spain,Male,42,4,141947.67,Owned,Active,Not Churned,Prod 1,41-50,>=801,100k-200k
15774696,640,Germany,Female,75,1,106307.91,Not Owned,Active,Not Churned,Prod 2,>71,601-700,100k-200k
15694506,611,Germany,Male,31,0,107884.81,Owned,Active,Not Churned,Prod 2,31-40,601-700,100k-200k
15688074,802,Germany,Male,31,1,125013.72,Owned,Active,Not Churned,Prod 1,31-40,>=801,100k-200k
15759537,717,Germany,Male,35,7,58469.37,Owned,Active,Not Churned,Prod 2,31-40,701-800,10k-100k
15758449,769,France,Female,39,8,0,Not Owned,Active,Not Churned,Prod 1,31-40,701-800,0
15583456,745,Germany,Male,45,10,117231.63,Owned,Active,Churned,Prod 3,41-50,701-800,100k-200k
15667871,572,Spain,Male,35,4,152390.26,Owned,Inactive,Not Churned,Prod 1,31-40,501-600,100k-200k
15677371,629,Spain,Female,30,2,34013.63,Owned,Inactive,Not Churned,Prod 1,21-30,601-700,10k-100k
15629677,687,Spain,Female,39,2,0,Not Owned,Inactive,Churned,Prod 3,31-40,601-700,0
15713578,483,France,Female,50,9,0,Owned,Active,Not Churned,Prod 2,41-50,401-500,0
15591509,690,France,Male,36,7,101583.11,Owned,Inactive,Not Churned,Prod 2,31-40,601-700,100k-200k
15568240,492,Germany,Female,30,10,77168.87,Not Owned,Active,Not Churned,Prod 2,21-30,401-500,10k-100k
15622993,709,Germany,Male,28,8,124695.72,Owned,Inactive,Not Churned,Prod 2,21-30,701-800,100k-200k
15689294,705,Germany,Male,44,3,105934.96,Owned,Inactive,Not Churned,Prod 1,41-50,701-800,100k-200k
15720910,560,France,Female,66,9,0,Owned,Active,Not Churned,Prod 1,61-70,501-600,0
15721181,611,Spain,Male,46,6,0,Owned,Inactive,Not Churned,Prod 2,41-50,601-700,0
15776433,730,Spain,Male,62,2,0,Owned,Active,Not Churned,Prod 2,61-70,701-800,0
15748936,709,Spain,Female,45,2,0,Not Owned,Active,Not Churned,Prod 2,41-50,701-800,0
15717225,544,France,Female,21,10,161525.96,Owned,Inactive,Not Churned,Prod 2,21-30,501-600,100k-200k
15685226,712,Germany,Female,29,7,147199.07,Owned,Active,Not Churned,Prod 1,21-30,701-800,100k-200k
15785611,752,Germany,Male,38,3,183102.29,Owned,Active,Not Churned,Prod 1,31-40,701-800,100k-200k
15573456,648,Spain,Male,46,9,127209,Owned,Inactive,Churned,Prod 2,41-50,601-700,100k-200k
15684548,556,Spain,Male,38,8,0,Not Owned,Inactive,Churned,Prod 2,31-40,501-600,0
15620505,594,Spain,Female,24,0,97378.54,Owned,Active,Not Churned,Prod 1,21-30,501-600,10k-100k
15807432,645,Germany,Female,37,2,136925.09,Not Owned,Active,Not Churned,Prod 2,31-40,601-700,100k-200k
15584766,557,France,Male,33,3,54503.55,Owned,Active,Not Churned,Prod 1,31-40,501-600,10k-100k
15612187,547,Germany,Male,32,8,155726.85,Owned,Inactive,Not Churned,Prod 1,31-40,501-600,100k-200k
15762218,701,France,Female,39,9,0,Not Owned,Active,Not Churned,Prod 2,31-40,701-800,0
15646372,616,France,Female,66,1,135842.41,Owned,Inactive,Churned,Prod 1,61-70,601-700,100k-200k
15690452,605,France,Male,52,1,63349.75,Owned,Inactive,Not Churned,Prod 1,51-60,601-700,10k-100k
15747795,593,Germany,Female,38,4,129499.42,Owned,Active,Not Churned,Prod 1,31-40,501-600,100k-200k
15781589,751,Spain,Male,52,8,0,Not Owned,Active,Not Churned,Prod 2,51-60,701-800,0
15732674,443,Spain,Male,36,6,70438.01,Not Owned,Active,Not Churned,Prod 2,31-40,401-500,10k-100k
15642291,685,France,Male,23,8,0,Owned,Active,Not Churned,Prod 2,21-30,601-700,0
15692761,718,France,Male,36,9,0,Owned,Inactive,Not Churned,Prod 1,31-40,701-800,0
15578045,538,Spain,Female,49,9,141434.04,Not Owned,Inactive,Churned,Prod 1,41-50,501-600,100k-200k
15745354,611,Spain,Female,37,4,0,Owned,Inactive,Not Churned,Prod 2,31-40,601-700,0
15701376,668,Germany,Male,37,10,152958.29,Owned,Active,Not Churned,Prod 2,31-40,601-700,100k-200k
15691625,537,Germany,Female,41,3,138306.34,Owned,Inactive,Not Churned,Prod 1,41-50,501-600,100k-200k
15566594,709,Spain,Male,23,10,0,Not Owned,Inactive,Not Churned,Prod 2,21-30,701-800,0
15760431,850,France,Male,38,1,0,Owned,Active,Not Churned,Prod 2,31-40,>=801,0
15686302,745,Spain,Female,31,3,124328.84,Owned,Active,Not Churned,Prod 1,31-40,701-800,100k-200k
15801559,693,Germany,Female,41,9,181461.48,Owned,Active,Churned,Prod 3,41-50,601-700,100k-200k
15810432,795,Spain,Male,35,8,0,Owned,Inactive,Not Churned,Prod 2,31-40,701-800,0
15809616,626,Spain,Male,26,8,0,Not Owned,Inactive,Not Churned,Prod 2,21-30,601-700,0
15720559,487,Germany,Female,61,5,110368.03,Not Owned,Inactive,Churned,Prod 1,61-70,401-500,100k-200k
15695632,556,France,Female,39,9,89588.35,Owned,Active,Not Churned,Prod 1,31-40,501-600,10k-100k
15659843,643,France,Female,46,6,0,Not Owned,Inactive,Not Churned,Prod 2,41-50,601-700,0
15615624,605,France,Female,28,6,0,Not Owned,Inactive,Not Churned,Prod 2,21-30,601-700,0
15810418,756,Germany,Female,60,3,115924.89,Owned,Inactive,Churned,Prod 1,51-60,701-800,100k-200k
15716186,586,France,Female,38,2,0,Owned,Inactive,Not Churned,Prod 2,31-40,501-600,0
15674551,535,Germany,Male,40,7,111756.5,Owned,Inactive,Churned,Prod 1,31-40,501-600,100k-200k
15622834,678,France,Female,35,4,0,Owned,Inactive,Not Churned,Prod 1,31-40,601-700,0
15566111,596,France,Male,39,9,0,Owned,Inactive,Not Churned,Prod 1,31-40,501-600,0
15784597,648,France,Male,26,9,162923.85,Owned,Inactive,Not Churned,Prod 1,21-30,601-700,100k-200k
15652883,492,Germany,Male,39,10,124576.65,Owned,Inactive,Not Churned,Prod 2,31-40,401-500,100k-200k
15806964,702,France,Male,45,0,80793.58,Owned,Active,Not Churned,Prod 1,41-50,701-800,10k-100k
15576313,486,Germany,Female,40,9,71340.09,Owned,Inactive,Not Churned,Prod 1,31-40,401-500,10k-100k
15806467,568,Germany,Male,40,1,99282.63,Not Owned,Inactive,Churned,Prod 1,31-40,501-600,10k-100k
15597602,619,Germany,Male,57,3,137946.39,Owned,Active,Churned,Prod 1,51-60,601-700,100k-200k
15743040,724,Germany,Male,41,2,127892.57,Not Owned,Active,Not Churned,Prod 2,41-50,701-800,100k-200k
15705521,548,Germany,Female,33,0,101084.36,Owned,Inactive,Not Churned,Prod 1,31-40,501-600,100k-200k
15595039,545,Germany,Female,37,8,114754.08,Owned,Inactive,Churned,Prod 1,31-40,501-600,100k-200k
15799384,683,France,Male,33,8,0,Not Owned,Inactive,Not Churned,Prod 1,31-40,601-700,0
15581197,762,France,Female,51,3,99286.98,Not Owned,Active,Not Churned,Prod 1,51-60,701-800,10k-100k
15693737,627,Germany,Female,30,4,79871.02,Owned,Inactive,Not Churned,Prod 2,21-30,601-700,10k-100k
15624623,516,France,Male,35,10,104088.59,Not Owned,Inactive,Not Churned,Prod 2,31-40,501-600,100k-200k
15783501,800,France,Female,38,2,168190.33,Owned,Inactive,Not Churned,Prod 2,31-40,701-800,100k-200k
15690134,464,Germany,Female,42,3,85679.25,Owned,Active,Not Churned,Prod 1,41-50,401-500,10k-100k
15782735,626,France,Female,35,3,0,Not Owned,Inactive,Not Churned,Prod 1,31-40,601-700,0
15611088,790,France,Female,31,9,0,Owned,Inactive,Not Churned,Prod 2,31-40,701-800,0
15672145,534,France,Female,34,7,121551.58,Owned,Active,Not Churned,Prod 2,31-40,501-600,100k-200k
15732628,745,France,Male,46,2,122220.19,Owned,Active,Not Churned,Prod 1,41-50,701-800,100k-200k
15787470,553,Spain,Male,47,3,116528.15,Not Owned,Inactive,Churned,Prod 1,41-50,501-600,100k-200k
15803406,748,France,Female,26,1,77780.29,Not Owned,Active,Not Churned,Prod 1,21-30,701-800,10k-100k
15730460,722,France,Male,37,2,0,Not Owned,Inactive,Not Churned,Prod 1,31-40,701-800,0
15644572,501,France,Male,40,4,125832.2,Owned,Active,Not Churned,Prod 1,31-40,501-600,100k-200k
15694860,675,France,Female,38,6,68065.8,Not Owned,Inactive,Churned,Prod 1,31-40,601-700,10k-100k
15658169,778,Spain,Female,47,6,127299.34,Owned,Inactive,Not Churned,Prod 2,41-50,701-800,100k-200k
15794396,494,Germany,Female,38,7,174937.64,Owned,Inactive,Not Churned,Prod 1,31-40,401-500,100k-200k
15785798,850,France,Male,40,9,0,Not Owned,Active,Not Churned,Prod 2,31-40,>=801,0
15710825,592,Spain,Male,31,7,110071.1,Not Owned,Inactive,Not Churned,Prod 1,31-40,501-600,100k-200k
15668444,590,Spain,Female,44,3,139432.37,Owned,Inactive,Not Churned,Prod 1,41-50,501-600,100k-200k
15726631,758,France,Female,39,6,127357.76,Not Owned,Active,Not Churned,Prod 1,31-40,701-800,100k-200k
15733797,506,France,Male,36,5,0,Owned,Inactive,Not Churned,Prod 2,31-40,501-600,0
15747960,733,France,Male,33,3,0,Owned,Active,Not Churned,Prod 1,31-40,701-800,0
15634632,711,France,Male,38,3,0,Owned,Inactive,Not Churned,Prod 2,31-40,701-800,0
15707362,514,Germany,Male,43,1,95556.31,Not Owned,Active,Churned,Prod 1,41-50,501-600,10k-100k
15662976,637,Spain,Male,37,8,0,Owned,Active,Not Churned,Prod 1,31-40,601-700,0
15732778,468,Germany,Male,29,1,111681.98,Owned,Active,Not Churned,Prod 2,21-30,401-500,100k-200k
15718443,539,France,Male,39,3,0,Owned,Inactive,Not Churned,Prod 2,31-40,501-600,0
15670039,509,Spain,Female,25,3,108738.71,Owned,Inactive,Not Churned,Prod 2,21-30,501-600,100k-200k
15773792,662,France,Female,32,4,133950.37,Owned,Active,Churned,Prod 1,31-40,601-700,100k-200k
15613786,818,Spain,Male,26,4,0,Owned,Active,Not Churned,Prod 2,21-30,>=801,0
15726032,608,France,Male,33,9,89968.69,Owned,Inactive,Not Churned,Prod 1,31-40,601-700,10k-100k
15663252,850,Spain,Female,32,9,0,Owned,Active,Not Churned,Prod 2,31-40,>=801,0
15593782,816,Germany,Female,38,5,130878.75,Owned,Inactive,Churned,Prod 3,31-40,>=801,100k-200k
15633283,536,France,Male,35,8,0,Owned,Inactive,Not Churned,Prod 2,31-40,501-600,0
15749167,753,France,Male,35,3,0,Owned,Active,Not Churned,Prod 2,31-40,701-800,0
15759298,631,Spain,Male,27,10,134169.62,Owned,Active,Not Churned,Prod 1,21-30,601-700,100k-200k
15683625,703,France,Male,37,1,149762.08,Owned,Inactive,Churned,Prod 1,31-40,701-800,100k-200k
15635367,774,France,Male,26,2,93844.69,Owned,Inactive,Not Churned,Prod 1,21-30,701-800,10k-100k
15681705,785,France,Male,28,8,0,Owned,Inactive,Not Churned,Prod 2,21-30,701-800,0
15603156,571,France,Female,33,1,0,Owned,Inactive,Not Churned,Prod 2,31-40,501-600,0
15591986,621,Germany,Male,46,6,141078.37,Not Owned,Inactive,Churned,Prod 1,41-50,601-700,100k-200k
15798888,605,Germany,Female,31,1,117992.59,Owned,Active,Not Churned,Prod 1,31-40,601-700,100k-200k
15809722,611,France,Female,40,8,100812.33,Owned,Inactive,Not Churned,Prod 2,31-40,601-700,100k-200k
15677538,569,France,Male,38,7,0,Owned,Active,Not Churned,Prod 1,31-40,501-600,0
15797736,658,France,Male,29,4,80262.6,Owned,Active,Not Churned,Prod 1,21-30,601-700,10k-100k
15695585,788,Spain,Male,34,6,156478.62,Not Owned,Active,Not Churned,Prod 1,31-40,701-800,100k-200k
15744398,525,France,Female,23,5,0,Owned,Inactive,Not Churned,Prod 2,21-30,501-600,0
15750658,798,France,Male,37,8,0,Not Owned,Inactive,Not Churned,Prod 3,31-40,701-800,0
15578186,486,Germany,Male,37,9,115217.99,Owned,Inactive,Not Churned,Prod 2,31-40,401-500,100k-200k
15676519,615,Spain,Male,61,9,0,Owned,Inactive,Churned,Prod 2,61-70,601-700,0
15637954,730,France,Female,35,0,155470.55,Owned,Active,Not Churned,Prod 1,31-40,701-800,100k-200k
15758639,641,France,Male,37,7,0,Owned,Inactive,Not Churned,Prod 2,31-40,601-700,0
15613772,542,France,Male,39,3,135096.77,Owned,Active,Churned,Prod 1,31-40,501-600,100k-200k
15731744,692,France,Male,30,2,0,Not Owned,Active,Not Churned,Prod 2,21-30,601-700,0
15807709,714,Germany,Female,55,9,180075.22,Owned,Active,Not Churned,Prod 1,51-60,701-800,100k-200k
15714689,591,Spain,Male,29,1,97541.24,Owned,Active,Not Churned,Prod 1,21-30,501-600,10k-100k
15699005,710,France,Female,41,2,156067.05,Owned,Active,Not Churned,Prod 1,41-50,701-800,100k-200k
15624170,639,France,Female,38,4,81550.94,Not Owned,Active,Not Churned,Prod 2,31-40,601-700,10k-100k
15725679,531,France,Female,47,6,0,Not Owned,Inactive,Churned,Prod 1,41-50,501-600,0
15585865,673,France,Female,38,2,170061.92,Not Owned,Inactive,Churned,Prod 2,31-40,601-700,100k-200k
15804256,765,Germany,Male,36,8,92310.54,Owned,Active,Not Churned,Prod 2,31-40,701-800,10k-100k
15662403,622,France,Female,32,6,169089.38,Owned,Inactive,Not Churned,Prod 2,31-40,601-700,100k-200k
15733616,806,France,Male,40,5,80613.93,Owned,Active,Not Churned,Prod 1,31-40,>=801,10k-100k
15591995,757,Germany,Male,26,8,121581.56,Owned,Active,Not Churned,Prod 2,21-30,701-800,100k-200k
15677020,570,France,Female,58,8,0,Not Owned,Active,Churned,Prod 1,51-60,501-600,0
15727688,555,Spain,Male,32,4,0,Owned,Active,Not Churned,Prod 2,31-40,501-600,0
15715941,692,France,Male,54,5,0,Owned,Active,Not Churned,Prod 2,51-60,601-700,0
15714485,774,France,Male,60,5,85891.55,Owned,Inactive,Churned,Prod 1,51-60,701-800,10k-100k
15730059,638,Spain,Male,44,9,77637.35,Owned,Active,Not Churned,Prod 2,41-50,601-700,10k-100k
15715527,543,Spain,Female,41,4,0,Not Owned,Inactive,Not Churned,Prod 1,41-50,501-600,0
15576623,584,France,Male,31,5,0,Owned,Inactive,Not Churned,Prod 2,31-40,501-600,0
15805565,691,Germany,Male,30,7,116927.89,Owned,Inactive,Not Churned,Prod 1,21-30,601-700,100k-200k
15677307,684,Germany,Female,40,6,137326.65,Owned,Inactive,Not Churned,Prod 1,31-40,601-700,100k-200k
15773890,733,France,Male,22,5,0,Owned,Active,Not Churned,Prod 2,21-30,701-800,0
15598883,599,Spain,Female,37,2,0,Owned,Active,Not Churned,Prod 2,31-40,501-600,0
15568506,524,Germany,Female,31,10,67238.98,Owned,Active,Not Churned,Prod 2,31-40,501-600,10k-100k
15761043,632,Germany,Female,38,6,86569.76,Owned,Inactive,Not Churned,Prod 2,31-40,601-700,10k-100k
15782236,735,Spain,Male,34,5,0,Not Owned,Inactive,Not Churned,Prod 2,31-40,701-800,0
15593601,734,France,Male,34,6,133598.4,Owned,Active,Not Churned,Prod 1,31-40,701-800,100k-200k
15682048,605,France,Female,51,3,136188.78,Owned,Active,Churned,Prod 1,51-60,601-700,100k-200k
15746902,793,Spain,Male,38,9,0,Owned,Inactive,Not Churned,Prod 2,31-40,701-800,0
15752081,468,France,Female,56,10,0,Not Owned,Active,Churned,Prod 3,51-60,401-500,0
15781307,779,Germany,Male,37,7,120092.52,Owned,Inactive,Not Churned,Prod 2,31-40,701-800,100k-200k
15775912,698,France,Male,48,4,101238.24,Not Owned,Active,Churned,Prod 2,41-50,601-700,100k-200k
15745417,707,France,Male,58,6,89685.92,Not Owned,Active,Not Churned,Prod 1,51-60,701-800,10k-100k
15671256,850,France,Female,35,1,211774.31,Owned,Inactive,Churned,Prod 1,31-40,>=801,>200k
15653547,850,France,Male,56,7,131317.48,Owned,Active,Not Churned,Prod 1,51-60,>=801,100k-200k
15595766,527,Spain,Male,37,5,93722.73,Owned,Active,Not Churned,Prod 2,31-40,501-600,10k-100k
15742358,696,Germany,Male,32,8,101160.99,Owned,Active,Not Churned,Prod 1,31-40,601-700,100k-200k
15763274,661,France,Male,48,3,120320.54,Not Owned,Inactive,Not Churned,Prod 1,41-50,601-700,100k-200k
15786063,776,France,Female,31,2,0,Owned,Active,Not Churned,Prod 2,31-40,701-800,0
15600258,701,France,Male,43,2,0,Owned,Active,Not Churned,Prod 2,41-50,701-800,0
15573318,610,France,Male,26,8,0,Owned,Inactive,Not Churned,Prod 2,21-30,601-700,0
15653849,572,Germany,Female,48,3,152827.99,Owned,Inactive,Churned,Prod 1,41-50,501-600,100k-200k
15694272,673,France,Male,30,1,64097.75,Owned,Active,Not Churned,Prod 1,21-30,601-700,10k-100k
15736112,519,Spain,Female,57,2,119035.35,Owned,Active,Not Churned,Prod 2,51-60,501-600,100k-200k
15749851,702,Spain,Female,26,4,135219.57,Not Owned,Active,Not Churned,Prod 1,21-30,701-800,100k-200k
15663478,729,France,Male,32,6,93694.42,Owned,Active,Not Churned,Prod 1,31-40,701-800,10k-100k
15592300,543,Spain,Male,35,10,59408.63,Owned,Inactive,Not Churned,Prod 1,31-40,501-600,10k-100k
15567832,550,France,Female,40,7,114354.95,Owned,Inactive,Not Churned,Prod 1,31-40,501-600,100k-200k
15776780,608,France,Male,59,1,0,Owned,Inactive,Churned,Prod 1,51-60,601-700,0
15592846,639,Germany,Male,35,10,128173.9,Owned,Inactive,Not Churned,Prod 2,31-40,601-700,100k-200k
15739803,686,Spain,Male,34,9,0,Owned,Inactive,Not Churned,Prod 2,31-40,601-700,0
15794142,564,Germany,Female,62,5,114931.35,Not Owned,Active,Churned,Prod 3,61-70,501-600,100k-200k
15762729,745,Germany,Female,28,1,111071.36,Owned,Inactive,Churned,Prod 1,21-30,701-800,100k-200k
15667896,833,France,Male,37,8,151226.18,Owned,Active,Not Churned,Prod 2,31-40,>=801,100k-200k
15626578,622,France,Male,26,9,0,Owned,Active,Not Churned,Prod 2,21-30,601-700,0
15776223,597,France,Female,42,4,64740.12,Owned,Active,Not Churned,Prod 1,41-50,501-600,10k-100k
15705953,721,Spain,Male,51,0,169312.13,Owned,Inactive,Churned,Prod 1,51-60,701-800,100k-200k
15802593,504,France,Female,49,7,0,Not Owned,Active,Churned,Prod 3,41-50,501-600,0
15615457,842,Spain,Female,44,2,112652.08,Owned,Inactive,Not Churned,Prod 2,41-50,>=801,100k-200k
15708916,587,France,Male,38,0,0,Owned,Inactive,Not Churned,Prod 2,31-40,501-600,0
15720187,479,Germany,Female,30,7,143964.36,Owned,Inactive,Not Churned,Prod 2,21-30,401-500,100k-200k
15595440,508,France,Male,49,7,122451.46,Owned,Active,Not Churned,Prod 2,41-50,501-600,100k-200k
15600651,749,France,Male,24,1,0,Owned,Active,Not Churned,Prod 3,21-30,701-800,0
15750141,721,Germany,Female,36,3,65253.07,Owned,Inactive,Not Churned,Prod 2,31-40,701-800,10k-100k
15657284,674,Germany,Male,47,6,106901.94,Owned,Active,Churned,Prod 1,41-50,601-700,100k-200k
15763063,685,Spain,Female,25,10,128509.63,Owned,Inactive,Not Churned,Prod 1,21-30,601-700,100k-200k
15709324,417,France,Male,34,7,0,Owned,Inactive,Not Churned,Prod 2,31-40,401-500,0
15711309,574,Germany,Male,33,3,129834.67,Owned,Inactive,Not Churned,Prod 1,31-40,501-600,100k-200k
15775318,590,Spain,Female,51,3,154962.99,Not Owned,Active,Churned,Prod 3,51-60,501-600,100k-200k
15705515,587,Germany,Male,40,5,138241.9,Owned,Inactive,Not Churned,Prod 2,31-40,501-600,100k-200k
15634844,598,Germany,Male,41,3,91536.93,Owned,Inactive,Churned,Prod 1,41-50,501-600,10k-100k
15717046,741,Spain,Male,53,3,0,Owned,Active,Not Churned,Prod 2,51-60,701-800,0
15571816,850,Spain,Female,70,5,0,Owned,Active,Not Churned,Prod 1,61-70,>=801,0
15670080,584,Germany,Female,29,7,105204.01,Not Owned,Active,Not Churned,Prod 1,21-30,501-600,100k-200k
15800440,650,Spain,Male,61,1,152968.73,Not Owned,Active,Not Churned,Prod 1,61-70,601-700,100k-200k
15665678,607,Spain,Male,36,8,158261.68,Owned,Active,Not Churned,Prod 1,31-40,601-700,100k-200k
15665956,509,France,Female,46,1,0,Owned,Inactive,Churned,Prod 1,41-50,501-600,0
15788126,689,Spain,Female,38,6,121021.05,Owned,Active,Not Churned,Prod 1,31-40,601-700,100k-200k
15811773,543,France,Male,36,4,0,Owned,Active,Not Churned,Prod 2,31-40,501-600,0
15651674,438,Spain,Female,54,2,0,Not Owned,Inactive,Churned,Prod 1,51-60,401-500,0
15689614,687,Spain,Female,63,1,137715.66,Owned,Active,Not Churned,Prod 1,61-70,601-700,100k-200k
15795564,737,Germany,Male,31,5,121192.22,Owned,Active,Not Churned,Prod 2,31-40,701-800,100k-200k
15706647,761,France,Male,31,7,0,Owned,Active,Not Churned,Prod 3,31-40,701-800,0
15728505,601,France,Male,44,1,100486.18,Owned,Active,Not Churned,Prod 2,41-50,601-700,100k-200k
15730076,651,France,Male,45,1,0,Owned,Inactive,Churned,Prod 1,41-50,601-700,0
15622003,745,France,Male,35,9,92566.53,Owned,Inactive,Not Churned,Prod 2,31-40,701-800,10k-100k
15607312,648,Spain,Female,49,10,0,Owned,Active,Churned,Prod 2,41-50,601-700,0
15644753,848,Spain,Male,40,3,110929.96,Owned,Active,Not Churned,Prod 1,31-40,>=801,100k-200k
15653620,546,France,Female,27,8,0,Owned,Active,Not Churned,Prod 2,21-30,501-600,0
15761986,439,Spain,Female,32,3,138901.61,Owned,Inactive,Not Churned,Prod 1,31-40,401-500,100k-200k
15633922,755,France,Male,30,4,123217.66,Not Owned,Active,Not Churned,Prod 2,21-30,701-800,100k-200k
15734674,593,France,Female,41,6,0,Owned,Inactive,Not Churned,Prod 1,41-50,501-600,0
15658032,701,France,Male,39,2,0,Owned,Active,Not Churned,Prod 2,31-40,701-800,0
15692671,701,Spain,Male,36,8,0,Owned,Inactive,Not Churned,Prod 2,31-40,701-800,0
15737741,607,Spain,Female,33,2,108431.87,Not Owned,Active,Churned,Prod 2,31-40,601-700,100k-200k
15576352,586,Spain,Female,57,3,0,Not Owned,Active,Not Churned,Prod 2,51-60,501-600,0
15753719,547,Germany,Female,30,9,72392.41,Owned,Inactive,Not Churned,Prod 1,21-30,501-600,10k-100k
15803689,647,Germany,Female,51,1,119741.77,Not Owned,Inactive,Churned,Prod 2,51-60,601-700,100k-200k
15718057,760,France,Female,51,2,100946.71,Not Owned,Inactive,Churned,Prod 1,51-60,701-800,100k-200k
15722010,621,Spain,Male,53,9,170491.84,Owned,Inactive,Churned,Prod 1,51-60,601-700,100k-200k
15680998,725,France,Male,44,5,0,Owned,Active,Not Churned,Prod 1,41-50,701-800,0
15614782,526,France,Male,36,1,0,Owned,Inactive,Not Churned,Prod 1,31-40,501-600,0
15591047,519,Spain,Female,47,6,157296.02,Not Owned,Inactive,Churned,Prod 2,41-50,501-600,100k-200k
15788291,713,Germany,Female,38,7,144606.22,Owned,Active,Churned,Prod 1,31-40,701-800,100k-200k
15604044,700,France,Male,38,8,134811.3,Owned,Inactive,Not Churned,Prod 1,31-40,601-700,100k-200k
15679587,666,France,Female,34,9,115897.12,Owned,Active,Not Churned,Prod 1,31-40,601-700,100k-200k
15775153,630,Spain,Male,32,4,82034,Not Owned,Inactive,Not Churned,Prod 1,31-40,601-700,10k-100k
15603925,779,Spain,Female,26,4,174318.13,Not Owned,Active,Not Churned,Prod 2,21-30,701-800,100k-200k
15680970,611,Germany,Female,41,2,114206.84,Owned,Inactive,Not Churned,Prod 1,41-50,601-700,100k-200k
15697183,685,Spain,Male,43,9,0,Owned,Inactive,Not Churned,Prod 2,41-50,601-700,0
15567446,646,Germany,Male,39,9,111574.41,Owned,Active,Not Churned,Prod 1,31-40,601-700,100k-200k
15637476,683,Germany,Female,57,5,162448.69,Not Owned,Inactive,Churned,Prod 1,51-60,601-700,100k-200k
15714939,484,Germany,Female,34,4,148249.54,Not Owned,Active,Not Churned,Prod 1,31-40,401-500,100k-200k
15683503,601,France,Female,43,8,0,Not Owned,Active,Churned,Prod 3,41-50,601-700,0
15645569,762,Spain,Female,26,7,123709.46,Owned,Active,Not Churned,Prod 2,21-30,701-800,100k-200k
15782569,687,France,Female,72,9,0,Not Owned,Active,Not Churned,Prod 1,>71,601-700,0
15592387,566,France,Male,30,5,0,Owned,Inactive,Churned,Prod 1,21-30,501-600,0
15609286,702,France,Male,37,10,150525.8,Owned,Active,Not Churned,Prod 1,31-40,701-800,100k-200k
15814035,601,France,Male,29,9,0,Owned,Active,Not Churned,Prod 1,21-30,601-700,0
15661249,699,France,Male,53,4,0,Not Owned,Active,Not Churned,Prod 2,51-60,601-700,0
15629117,584,France,Male,28,10,0,Owned,Inactive,Not Churned,Prod 2,21-30,501-600,0
15607170,699,France,Male,35,5,0,Owned,Active,Not Churned,Prod 2,31-40,601-700,0
15586585,698,Germany,Female,51,2,111018.98,Owned,Inactive,Not Churned,Prod 1,51-60,601-700,100k-200k
15686611,495,France,Male,30,10,129755.99,Not Owned,Inactive,Not Churned,Prod 1,21-30,401-500,100k-200k
15603203,650,France,Female,27,6,0,Owned,Inactive,Not Churned,Prod 2,21-30,601-700,0
15619857,605,France,Female,64,2,129555.7,Owned,Active,Not Churned,Prod 1,61-70,601-700,100k-200k
15805062,667,Spain,Male,38,1,87202.38,Owned,Active,Not Churned,Prod 1,31-40,601-700,10k-100k
15660271,688,Germany,Male,26,8,146133.39,Owned,Active,Not Churned,Prod 1,21-30,601-700,100k-200k
15745295,727,Spain,Female,31,0,0,Owned,Inactive,Churned,Prod 1,31-40,701-800,0
15719352,754,Spain,Male,39,6,170184.99,Owned,Inactive,Not Churned,Prod 2,31-40,701-800,100k-200k
15766575,612,Germany,Female,62,8,140745.33,Owned,Inactive,Churned,Prod 1,61-70,601-700,100k-200k
15594594,546,Spain,Male,42,7,139070.51,Owned,Active,Not Churned,Prod 1,41-50,501-600,100k-200k
15646161,673,Spain,Female,37,8,0,Owned,Active,Not Churned,Prod 2,31-40,601-700,0
15682585,593,France,Male,35,9,114193.24,Owned,Inactive,Not Churned,Prod 1,31-40,501-600,100k-200k
15603134,656,Spain,Female,40,10,167878.5,Not Owned,Active,Not Churned,Prod 1,31-40,601-700,100k-200k
15636444,535,Germany,Female,53,5,141616.55,Owned,Active,Not Churned,Prod 2,51-60,501-600,100k-200k
15773456,678,Germany,Male,36,3,145747.67,Not Owned,Active,Not Churned,Prod 2,31-40,601-700,100k-200k
15745307,477,Spain,Female,48,2,129120.64,Not Owned,Active,Not Churned,Prod 1,41-50,401-500,100k-200k
15604119,850,Spain,Male,35,7,110349.82,Not Owned,Inactive,Not Churned,Prod 1,31-40,>=801,100k-200k
15626900,427,France,Male,29,1,141325.56,Owned,Active,Not Churned,Prod 1,21-30,401-500,100k-200k
15605447,752,France,Male,49,2,78653.84,Owned,Inactive,Not Churned,Prod 1,41-50,701-800,10k-100k
15589030,649,France,Male,47,1,0,Owned,Active,Not Churned,Prod 2,41-50,601-700,0
15692463,799,Spain,Female,28,3,142253.65,Owned,Inactive,Not Churned,Prod 1,21-30,701-800,100k-200k
15712403,589,France,Female,61,1,0,Owned,Inactive,Churned,Prod 1,61-70,501-600,0
15811762,583,Germany,Female,54,6,115988.86,Owned,Inactive,Churned,Prod 1,51-60,501-600,100k-200k
15718673,839,Spain,Female,33,10,75592.43,Owned,Inactive,Not Churned,Prod 1,31-40,>=801,10k-100k
15724282,540,Germany,Male,44,3,164113.04,Owned,Active,Not Churned,Prod 2,41-50,501-600,100k-200k
15738181,850,France,Male,31,6,67996.23,Not Owned,Inactive,Churned,Prod 2,31-40,>=801,10k-100k
15633648,696,Spain,Female,51,5,0,Owned,Inactive,Not Churned,Prod 2,51-60,601-700,0
15603323,660,Spain,Female,33,1,0,Not Owned,Inactive,Not Churned,Prod 2,31-40,601-700,0
15583725,682,France,Male,48,1,138778.15,Not Owned,Active,Not Churned,Prod 1,41-50,601-700,100k-200k
15588350,744,France,Female,43,10,147832.15,Not Owned,Active,Not Churned,Prod 1,41-50,701-800,100k-200k
15798398,785,France,Female,36,4,135438.4,Not Owned,Inactive,Not Churned,Prod 1,31-40,701-800,100k-200k
15784844,752,Spain,Male,48,5,116060.08,Owned,Inactive,Churned,Prod 1,41-50,701-800,100k-200k
15580684,706,France,Female,29,5,112564.62,Owned,Inactive,Not Churned,Prod 1,21-30,701-800,100k-200k
15809663,583,France,Female,27,1,125406.58,Owned,Active,Not Churned,Prod 1,21-30,501-600,100k-200k
15640078,660,Germany,Female,39,5,135134.99,Owned,Inactive,Churned,Prod 1,31-40,601-700,100k-200k
15698786,819,France,Female,39,9,133102.92,Owned,Inactive,Churned,Prod 1,31-40,>=801,100k-200k
15569807,673,France,Female,34,8,42157.08,Owned,Inactive,Churned,Prod 1,31-40,601-700,10k-100k
15730830,752,France,Female,30,3,0,Owned,Active,Not Churned,Prod 2,21-30,701-800,0
15805112,578,France,Male,38,7,82259.29,Owned,Inactive,Not Churned,Prod 1,31-40,501-600,10k-100k
15633064,438,France,Female,36,4,0,Owned,Inactive,Not Churned,Prod 2,31-40,401-500,0
15703119,652,France,Male,38,6,0,Owned,Active,Not Churned,Prod 2,31-40,601-700,0
15730447,629,France,Female,49,4,0,Owned,Active,Not Churned,Prod 2,41-50,601-700,0
15813850,720,France,Male,52,7,0,Owned,Active,Not Churned,Prod 1,51-60,701-800,0
15711889,668,France,Male,42,3,150461.07,Owned,Inactive,Not Churned,Prod 1,41-50,601-700,100k-200k
15664610,459,Germany,Male,48,4,133994.52,Owned,Active,Churned,Prod 1,41-50,401-500,100k-200k
15751710,729,Spain,Male,31,8,164870.81,Owned,Active,Not Churned,Prod 2,31-40,701-800,100k-200k
15692926,498,Germany,Male,25,8,121702.73,Owned,Active,Not Churned,Prod 1,21-30,401-500,100k-200k
15813741,549,Spain,Male,25,6,193858.2,Not Owned,Active,Not Churned,Prod 1,21-30,501-600,100k-200k
15698474,601,Germany,Female,54,1,131039.97,Owned,Active,Not Churned,Prod 2,51-60,601-700,100k-200k
15568595,544,France,Male,64,9,113829.45,Owned,Active,Not Churned,Prod 1,61-70,501-600,100k-200k
15603065,751,France,Female,30,6,0,Owned,Inactive,Not Churned,Prod 2,21-30,701-800,0
15592937,632,Germany,Female,41,3,81877.38,Owned,Active,Not Churned,Prod 1,41-50,601-700,10k-100k
15699637,694,Spain,Male,57,8,116326.07,Owned,Active,Not Churned,Prod 1,51-60,601-700,100k-200k
15667215,678,France,Male,31,2,0,Owned,Active,Not Churned,Prod 2,31-40,601-700,0
15788659,695,France,Male,46,4,0,Owned,Active,Not Churned,Prod 2,41-50,601-700,0
15763218,661,France,Female,41,1,0,Not Owned,Active,Not Churned,Prod 2,41-50,601-700,0
15645772,661,France,Male,33,9,0,Owned,Active,Not Churned,Prod 2,31-40,601-700,0
15725511,559,France,Female,31,3,127070.73,Not Owned,Active,Not Churned,Prod 1,31-40,501-600,100k-200k
15575024,503,France,Male,29,3,0,Owned,Active,Not Churned,Prod 2,21-30,501-600,0
15640825,695,Spain,Male,46,3,122549.64,Owned,Active,Not Churned,Prod 1,41-50,601-700,100k-200k
15662397,640,France,Female,42,5,176099.13,Owned,Active,Not Churned,Prod 1,41-50,601-700,100k-200k
15576368,624,Germany,Female,48,3,122388.38,Not Owned,Inactive,Not Churned,Prod 2,41-50,601-700,100k-200k
15674991,667,France,Male,42,9,0,Not Owned,Active,Not Churned,Prod 2,41-50,601-700,0
15721024,642,France,Male,26,0,0,Not Owned,Inactive,Not Churned,Prod 1,21-30,601-700,0
15745621,640,Spain,Female,32,6,118879.35,Owned,Active,Not Churned,Prod 2,31-40,601-700,100k-200k
15642394,529,Spain,Male,35,5,0,Owned,Active,Not Churned,Prod 2,31-40,501-600,0
15754605,563,France,Female,39,5,0,Owned,Active,Not Churned,Prod 2,31-40,501-600,0
15607040,593,Spain,Female,38,4,88736.44,Owned,Inactive,Not Churned,Prod 2,31-40,501-600,10k-100k
15715142,739,Germany,Male,45,7,102703.62,Not Owned,Active,Churned,Prod 1,41-50,701-800,100k-200k
15810978,788,Spain,Female,70,1,0,Owned,Active,Not Churned,Prod 2,61-70,701-800,0
15668886,684,Spain,Female,38,3,0,Owned,Inactive,Not Churned,Prod 2,31-40,601-700,0
15780804,482,France,Male,55,5,97318.25,Not Owned,Active,Not Churned,Prod 1,51-60,401-500,10k-100k
15613880,591,Spain,Male,58,5,128468.69,Not Owned,Active,Not Churned,Prod 1,51-60,501-600,100k-200k
15775238,651,Germany,Female,41,4,133432.59,Not Owned,Active,Not Churned,Prod 1,41-50,601-700,100k-200k
15786905,749,Germany,Female,40,8,141782.57,Not Owned,Inactive,Not Churned,Prod 2,31-40,701-800,100k-200k
15747867,583,France,Male,24,9,135125.28,Not Owned,Inactive,Not Churned,Prod 1,21-30,501-600,100k-200k
15600337,661,Spain,Male,42,2,178820.91,Not Owned,Inactive,Churned,Prod 1,41-50,601-700,100k-200k
15801277,715,France,Female,31,2,112212.14,Owned,Active,Not Churned,Prod 2,31-40,701-800,100k-200k
15579334,769,Germany,Female,45,5,126674.81,Owned,Inactive,Churned,Prod 1,41-50,701-800,100k-200k
15802741,625,France,Female,51,7,136294.97,Owned,Inactive,Churned,Prod 1,51-60,601-700,100k-200k
15720649,641,France,Female,36,5,66392.64,Owned,Inactive,Not Churned,Prod 1,31-40,601-700,10k-100k
15589493,716,Germany,Male,27,1,122552.34,Owned,Inactive,Not Churned,Prod 2,21-30,701-800,100k-200k
15688251,767,France,Male,43,1,76408.85,Owned,Inactive,Not Churned,Prod 2,41-50,701-800,10k-100k
15665238,745,Germany,Male,36,8,145071.24,Not Owned,Inactive,Not Churned,Prod 1,31-40,701-800,100k-200k
15740900,589,France,Male,34,6,0,Owned,Active,Not Churned,Prod 2,31-40,501-600,0
15681068,796,France,Female,45,2,109730.22,Owned,Active,Not Churned,Prod 1,41-50,701-800,100k-200k
15748625,664,France,Male,57,6,0,Owned,Active,Not Churned,Prod 2,51-60,601-700,0
15727299,445,Spain,Male,62,1,64119.38,Owned,Active,Churned,Prod 1,61-70,401-500,10k-100k
15620204,543,Germany,Female,57,1,106138.33,Owned,Active,Churned,Prod 2,51-60,501-600,100k-200k
15669516,746,Spain,Male,36,2,0,Owned,Active,Not Churned,Prod 2,31-40,701-800,0
15736534,742,Germany,Male,33,0,181656.51,Owned,Active,Not Churned,Prod 1,31-40,701-800,100k-200k
15803457,750,France,Female,32,5,0,Owned,Inactive,Not Churned,Prod 2,31-40,701-800,0
15659098,669,France,Male,30,7,95128.86,Not Owned,Inactive,Not Churned,Prod 1,21-30,601-700,10k-100k
15603436,594,Spain,Female,49,2,126615.94,Not Owned,Active,Not Churned,Prod 2,41-50,501-600,100k-200k
15566292,574,Spain,Male,36,1,0,Not Owned,Active,Not Churned,Prod 2,31-40,501-600,0
15808621,659,Germany,Male,36,2,76190.48,Owned,Active,Not Churned,Prod 2,31-40,601-700,10k-100k
15580148,750,Germany,Male,40,5,168286.81,Owned,Inactive,Churned,Prod 3,31-40,701-800,100k-200k
15776231,626,Germany,Male,35,4,88109.81,Owned,Active,Not Churned,Prod 1,31-40,601-700,10k-100k
15773809,620,France,Male,42,4,0,Owned,Inactive,Not Churned,Prod 2,41-50,601-700,0
15649423,580,France,Female,35,8,0,Not Owned,Active,Not Churned,Prod 2,31-40,501-600,0
15734886,686,France,Female,34,3,123971.51,Owned,Inactive,Not Churned,Prod 2,31-40,601-700,100k-200k
15722548,540,France,Male,48,0,148116.48,Not Owned,Inactive,Not Churned,Prod 1,41-50,501-600,100k-200k
15650288,634,Germany,Male,35,6,116269.01,Owned,Inactive,Not Churned,Prod 1,31-40,601-700,100k-200k
15629448,632,Spain,Male,38,1,120599.21,Owned,Inactive,Not Churned,Prod 1,31-40,601-700,100k-200k
15716164,501,France,Female,41,3,144260.5,Owned,Inactive,Not Churned,Prod 1,41-50,501-600,100k-200k
15807609,650,Spain,Female,25,3,86605.5,Owned,Inactive,Churned,Prod 3,21-30,601-700,10k-100k
15578977,786,France,Male,34,9,0,Owned,Inactive,Not Churned,Prod 2,31-40,701-800,0
15677369,554,Germany,Female,37,4,58629.97,Not Owned,Inactive,Not Churned,Prod 1,31-40,501-600,10k-100k
15804072,701,Spain,Female,42,5,0,Not Owned,Inactive,Not Churned,Prod 2,41-50,701-800,0
15696859,474,France,Male,45,10,0,Not Owned,Inactive,Not Churned,Prod 2,41-50,401-500,0
15653780,621,France,Female,43,5,0,Owned,Active,Not Churned,Prod 1,41-50,601-700,0
15721658,672,Spain,Female,56,2,209767.31,Owned,Active,Churned,Prod 2,51-60,601-700,>200k
15578761,459,Spain,Female,42,6,129634.25,Owned,Active,Churned,Prod 2,41-50,401-500,100k-200k
15736879,669,France,Male,23,1,0,Not Owned,Inactive,Not Churned,Prod 2,21-30,601-700,0
15571973,776,France,Female,38,2,169824.46,Owned,Inactive,Not Churned,Prod 1,31-40,701-800,100k-200k
15626742,694,France,Male,36,3,97530.25,Owned,Active,Not Churned,Prod 1,31-40,601-700,10k-100k
15672692,787,France,Female,42,10,145988.65,Owned,Active,Not Churned,Prod 2,41-50,701-800,100k-200k
15673570,580,France,Male,37,9,0,Not Owned,Active,Not Churned,Prod 2,31-40,501-600,0
15767432,711,France,Female,25,7,0,Owned,Active,Not Churned,Prod 3,21-30,701-800,0
15654238,673,France,Female,40,5,137494.28,Owned,Inactive,Not Churned,Prod 1,31-40,601-700,100k-200k
15612525,499,France,Female,57,1,0,Not Owned,Inactive,Churned,Prod 1,51-60,401-500,0
15812750,591,France,Male,24,6,147360,Owned,Active,Not Churned,Prod 1,21-30,501-600,100k-200k
15790757,769,France,Female,25,10,0,Not Owned,Inactive,Not Churned,Prod 2,21-30,701-800,0
15723873,657,Spain,Male,31,3,125167.02,Not Owned,Inactive,Not Churned,Prod 1,31-40,601-700,100k-200k
15744607,738,Germany,Male,43,9,121152.05,Owned,Inactive,Churned,Prod 2,41-50,701-800,100k-200k
15612966,545,Germany,Female,60,7,128981.07,Not Owned,Active,Churned,Prod 1,51-60,501-600,100k-200k
15784209,497,France,Male,47,6,0,Owned,Active,Not Churned,Prod 1,41-50,401-500,0
15794278,816,Spain,Male,67,6,151858.98,Owned,Active,Not Churned,Prod 1,61-70,>=801,100k-200k
15766741,525,France,Male,36,2,114628.4,Not Owned,Active,Not Churned,Prod 1,31-40,501-600,100k-200k
15661036,725,France,Male,46,6,0,Owned,Inactive,Not Churned,Prod 2,41-50,701-800,0
15705639,692,France,Female,28,8,95059.02,Owned,Inactive,Not Churned,Prod 2,21-30,601-700,10k-100k
15637414,618,France,Female,24,7,128736.39,Not Owned,Active,Not Churned,Prod 1,21-30,601-700,100k-200k
15716835,546,France,Male,24,8,156325.38,Owned,Active,Not Churned,Prod 1,21-30,501-600,100k-200k
15696231,635,France,Male,29,7,105405.97,Owned,Active,Not Churned,Prod 1,21-30,601-700,100k-200k
15641675,611,France,Female,49,2,88915.37,Not Owned,Inactive,Churned,Prod 3,41-50,601-700,10k-100k
15670755,650,France,Male,60,8,0,Owned,Active,Not Churned,Prod 2,51-60,601-700,0
15640059,606,France,Male,40,5,0,Owned,Active,Not Churned,Prod 2,31-40,601-700,0
15787619,844,France,Male,18,2,160980.03,Not Owned,Inactive,Not Churned,Prod 1,<20,>=801,100k-200k
15587535,450,Spain,Female,46,5,177619.71,Owned,Inactive,Not Churned,Prod 1,41-50,401-500,100k-200k
15813034,727,Spain,Male,38,2,62276.99,Owned,Active,Not Churned,Prod 1,31-40,701-800,10k-100k
15698839,460,Germany,Male,46,4,127559.97,Owned,Active,Not Churned,Prod 2,41-50,401-500,100k-200k
15790314,649,France,Male,41,0,0,Not Owned,Active,Not Churned,Prod 2,41-50,601-700,0
15634245,758,Germany,Female,47,9,95523.16,Owned,Inactive,Not Churned,Prod 1,41-50,701-800,10k-100k
15677305,490,France,Female,35,7,107749.03,Owned,Active,Not Churned,Prod 1,31-40,401-500,100k-200k
15661526,815,Germany,Male,37,2,110777.26,Owned,Inactive,Not Churned,Prod 2,31-40,>=801,100k-200k
15685997,838,Spain,Female,39,5,166733.92,Owned,Inactive,Not Churned,Prod 2,31-40,>=801,100k-200k
15660101,803,France,Male,31,9,157120.86,Owned,Inactive,Not Churned,Prod 2,31-40,>=801,100k-200k
15637979,664,Germany,Female,36,2,127160.78,Owned,Inactive,Not Churned,Prod 2,31-40,601-700,100k-200k
15815364,736,Spain,Female,28,2,0,Owned,Active,Not Churned,Prod 2,21-30,701-800,0
15647099,633,France,Female,37,9,156091.97,Owned,Inactive,Not Churned,Prod 1,31-40,601-700,100k-200k
15625944,664,France,Male,58,5,98668.18,Owned,Active,Not Churned,Prod 1,51-60,601-700,10k-100k
15583212,600,France,Female,43,5,134022.06,Owned,Inactive,Not Churned,Prod 1,41-50,501-600,100k-200k
15582741,693,France,Female,35,5,124151.09,Owned,Inactive,Churned,Prod 1,31-40,601-700,100k-200k
15637876,663,Germany,Female,36,6,77253.5,Not Owned,Inactive,Churned,Prod 1,31-40,601-700,10k-100k
15622750,742,Germany,Female,21,1,114292.48,Owned,Inactive,Not Churned,Prod 1,21-30,701-800,100k-200k
15672056,710,Germany,Male,43,2,140080.32,Owned,Active,Churned,Prod 3,41-50,701-800,100k-200k
15812351,710,Spain,Female,27,2,135277.96,Owned,Inactive,Not Churned,Prod 1,21-30,701-800,100k-200k
15810864,700,France,Female,82,2,0,Not Owned,Active,Not Churned,Prod 2,>71,601-700,0
15677921,720,Germany,Male,60,9,115920.62,Not Owned,Inactive,Churned,Prod 2,51-60,701-800,100k-200k
15724296,684,Spain,Male,41,2,119782.72,Not Owned,Inactive,Not Churned,Prod 2,41-50,601-700,100k-200k
15685329,531,France,Female,63,1,114715.71,Not Owned,Active,Churned,Prod 1,61-70,501-600,100k-200k
15584091,742,Germany,Female,36,2,129748.54,Not Owned,Inactive,Churned,Prod 2,31-40,701-800,100k-200k
15640442,717,France,Male,31,4,129722.57,Not Owned,Inactive,Not Churned,Prod 1,31-40,701-800,100k-200k
15639314,589,France,Male,32,2,0,Not Owned,Active,Not Churned,Prod 2,31-40,501-600,0
15685320,767,France,Male,36,3,139180.2,Not Owned,Inactive,Not Churned,Prod 1,31-40,701-800,100k-200k
15789158,636,Germany,Male,49,6,113599.74,Owned,Inactive,Churned,Prod 2,41-50,601-700,100k-200k
15752137,648,France,Male,33,7,134944,Owned,Active,Not Churned,Prod 1,31-40,601-700,100k-200k
15712551,622,Germany,Female,58,7,116922.25,Owned,Inactive,Churned,Prod 1,51-60,601-700,100k-200k
15628936,692,Spain,Male,28,9,118945.09,Not Owned,Inactive,Churned,Prod 1,21-30,601-700,100k-200k
15797227,754,France,Male,28,8,0,Owned,Active,Not Churned,Prod 2,21-30,701-800,0
15769974,679,Spain,Female,35,8,119182.73,Not Owned,Inactive,Not Churned,Prod 1,31-40,601-700,100k-200k
15737051,639,France,Male,27,8,0,Owned,Inactive,Not Churned,Prod 2,21-30,601-700,0
15585595,774,France,Female,28,1,71264.02,Not Owned,Active,Not Churned,Prod 2,21-30,701-800,10k-100k
15654060,517,France,Male,41,2,0,Not Owned,Active,Not Churned,Prod 2,41-50,501-600,0
15745196,571,France,Female,35,8,0,Not Owned,Inactive,Not Churned,Prod 2,31-40,501-600,0
15571221,747,Germany,Male,58,7,116313.57,Owned,Active,Churned,Prod 1,51-60,701-800,100k-200k
15660155,792,Spain,Male,36,5,92140.15,Not Owned,Active,Not Churned,Prod 1,31-40,701-800,10k-100k
15605284,688,France,Male,26,1,0,Owned,Active,Not Churned,Prod 2,21-30,601-700,0
15694366,714,Germany,Male,42,2,177640.09,Not Owned,Active,Not Churned,Prod 1,41-50,701-800,100k-200k
15600739,562,Spain,Female,35,0,0,Owned,Inactive,Not Churned,Prod 2,31-40,501-600,0
15653253,704,Spain,Male,48,8,167997.6,Owned,Active,Not Churned,Prod 1,41-50,701-800,100k-200k
15763431,698,France,Male,36,2,82275.35,Owned,Active,Not Churned,Prod 2,31-40,601-700,10k-100k
15643696,611,France,Male,49,3,0,Owned,Active,Not Churned,Prod 2,41-50,601-700,0
15707473,850,Germany,Female,48,6,111962.99,Owned,Inactive,Not Churned,Prod 1,41-50,>=801,100k-200k
15769504,743,Germany,Female,34,1,131736.88,Owned,Active,Not Churned,Prod 1,31-40,701-800,100k-200k
15776807,654,France,Male,29,1,0,Owned,Inactive,Not Churned,Prod 1,21-30,601-700,0
15686870,761,Germany,Male,36,8,108239.11,Not Owned,Inactive,Not Churned,Prod 2,31-40,701-800,100k-200k
15668747,702,France,Female,46,9,98444.19,Not Owned,Active,Not Churned,Prod 1,41-50,701-800,10k-100k
15766908,488,Germany,Male,32,3,114540.38,Owned,Inactive,Not Churned,Prod 1,31-40,401-500,100k-200k
15570134,683,France,Female,35,6,187530.66,Owned,Active,Not Churned,Prod 2,31-40,601-700,100k-200k
15567367,601,Germany,Female,42,9,133636.16,Not Owned,Active,Not Churned,Prod 1,41-50,601-700,100k-200k
15747542,605,France,Male,52,7,0,Owned,Active,Not Churned,Prod 2,51-60,601-700,0
15762238,671,Germany,Female,44,0,84745.03,Not Owned,Active,Not Churned,Prod 2,41-50,601-700,10k-100k
15681554,614,Germany,Female,31,7,120599.38,Owned,Active,Not Churned,Prod 2,31-40,601-700,100k-200k
15712825,511,Spain,Female,29,9,0,Not Owned,Active,Not Churned,Prod 2,21-30,501-600,0
15640280,850,France,Male,39,4,127771.35,Not Owned,Active,Not Churned,Prod 2,31-40,>=801,100k-200k
15756026,790,Spain,Female,46,9,0,Not Owned,Inactive,Churned,Prod 1,41-50,701-800,0
15613319,793,France,Female,33,0,0,Not Owned,Inactive,Not Churned,Prod 1,31-40,701-800,0
15798906,628,France,Male,69,5,0,Owned,Active,Not Churned,Prod 2,61-70,601-700,0
15708917,598,Germany,Male,53,10,167772.96,Owned,Active,Not Churned,Prod 1,51-60,501-600,100k-200k
15778463,657,France,Female,37,6,95845.6,Owned,Inactive,Not Churned,Prod 1,31-40,601-700,10k-100k
15699430,618,France,Female,35,10,0,Owned,Inactive,Not Churned,Prod 2,31-40,601-700,0
15649992,681,Spain,Male,65,7,134714.7,Not Owned,Active,Not Churned,Prod 2,61-70,601-700,100k-200k
15578980,516,Spain,Female,33,3,0,Owned,Active,Not Churned,Prod 2,31-40,501-600,0
15775306,421,Germany,Male,28,8,122384.22,Owned,Active,Churned,Prod 3,21-30,401-500,100k-200k
15641655,700,France,Female,26,2,0,Not Owned,Inactive,Not Churned,Prod 2,21-30,601-700,0
15619708,745,France,Male,25,5,157993.15,Owned,Inactive,Not Churned,Prod 2,21-30,701-800,100k-200k
15734565,696,France,Male,29,8,0,Owned,Inactive,Not Churned,Prod 2,21-30,601-700,0
15806438,580,Germany,Female,42,2,123331.36,Not Owned,Inactive,Churned,Prod 1,41-50,501-600,100k-200k
15591969,497,Spain,Male,27,9,75263.16,Owned,Active,Not Churned,Prod 1,21-30,401-500,10k-100k
15747807,720,France,Female,43,6,137824.03,Owned,Inactive,Not Churned,Prod 2,41-50,701-800,100k-200k
15596939,659,Germany,Male,36,4,132578.92,Owned,Inactive,Not Churned,Prod 2,31-40,601-700,100k-200k
15716155,841,France,Female,36,5,156021.31,Not Owned,Inactive,Not Churned,Prod 1,31-40,>=801,100k-200k
15765311,642,Spain,Male,34,8,0,Owned,Inactive,Not Churned,Prod 1,31-40,601-700,0
15757811,732,Spain,Female,69,9,137453.43,Not Owned,Active,Churned,Prod 1,61-70,701-800,100k-200k
15603830,600,Spain,Male,36,4,0,Owned,Inactive,Not Churned,Prod 2,31-40,501-600,0
15660602,464,Germany,Male,33,8,164284.72,Owned,Active,Not Churned,Prod 2,31-40,401-500,100k-200k
15660535,680,France,Female,47,5,0,Owned,Active,Not Churned,Prod 2,41-50,601-700,0
15666633,758,Spain,Male,56,1,0,Owned,Active,Not Churned,Prod 2,51-60,701-800,0
15596914,630,Germany,Female,31,2,112373.49,Owned,Active,Not Churned,Prod 2,31-40,601-700,100k-200k
15639788,577,France,Female,39,10,0,Owned,Inactive,Not Churned,Prod 2,31-40,501-600,0
15695846,684,France,Female,34,6,0,Owned,Active,Not Churned,Prod 2,31-40,601-700,0
15726234,708,Spain,Female,41,5,0,Not Owned,Active,Not Churned,Prod 1,41-50,701-800,0
15797964,732,Germany,Female,29,1,154333.82,Owned,Active,Not Churned,Prod 1,21-30,701-800,100k-200k
15625881,634,Germany,Male,37,3,111432.77,Owned,Active,Not Churned,Prod 2,31-40,601-700,100k-200k
15780628,633,France,Female,30,6,0,Not Owned,Inactive,Not Churned,Prod 2,21-30,601-700,0
15575883,559,France,Male,34,2,137390.11,Owned,Inactive,Not Churned,Prod 2,31-40,501-600,100k-200k
15585036,694,Spain,Female,37,3,0,Owned,Active,Not Churned,Prod 2,31-40,601-700,0
15589488,686,Germany,Female,56,5,111642.08,Owned,Active,Not Churned,Prod 1,51-60,601-700,100k-200k
15585888,553,Spain,Female,48,3,0,Not Owned,Active,Churned,Prod 1,41-50,501-600,0
15727915,507,France,Male,36,4,83543.37,Not Owned,Inactive,Not Churned,Prod 1,31-40,501-600,10k-100k
15707567,732,Germany,Male,50,6,145338.76,Not Owned,Inactive,Churned,Prod 1,41-50,701-800,100k-200k
15737792,818,France,Female,31,1,186796.37,Not Owned,Inactive,Not Churned,Prod 1,31-40,>=801,100k-200k
15599433,660,Germany,Male,35,8,58641.43,Not Owned,Active,Not Churned,Prod 1,31-40,601-700,10k-100k
15672012,773,Spain,Female,41,5,0,Owned,Inactive,Churned,Prod 1,41-50,701-800,0
15806983,640,France,Male,44,3,137148.68,Owned,Inactive,Not Churned,Prod 1,41-50,601-700,100k-200k
15592222,505,France,Male,49,7,80001.23,Not Owned,Inactive,Not Churned,Prod 1,41-50,501-600,10k-100k
15608968,714,Germany,Male,21,6,86402.52,Not Owned,Inactive,Not Churned,Prod 2,21-30,701-800,10k-100k
15586959,468,France,Female,42,5,0,Owned,Inactive,Not Churned,Prod 2,41-50,401-500,0
15646558,611,Spain,Male,51,1,122874.74,Owned,Active,Not Churned,Prod 1,51-60,601-700,100k-200k
15725811,705,France,Male,25,0,97544.29,Not Owned,Active,Not Churned,Prod 1,21-30,701-800,10k-100k
15572265,646,Germany,Male,46,1,170826.55,Owned,Inactive,Not Churned,Prod 2,41-50,601-700,100k-200k
15794048,667,Germany,Female,48,1,97133.92,Not Owned,Inactive,Churned,Prod 2,41-50,601-700,10k-100k
15677610,511,Germany,Female,41,8,153895.65,Owned,Active,Not Churned,Prod 1,41-50,501-600,100k-200k
15745012,653,France,Female,43,6,0,Owned,Active,Not Churned,Prod 2,41-50,601-700,0
15601589,675,France,Female,57,8,0,Not Owned,Active,Not Churned,Prod 2,51-60,601-700,0
15686436,523,Spain,Male,32,4,0,Owned,Inactive,Not Churned,Prod 2,31-40,501-600,0
15693864,567,Germany,Female,49,5,134956.02,Owned,Inactive,Churned,Prod 1,41-50,501-600,100k-200k
15760550,741,Spain,Male,39,7,143637.58,Not Owned,Active,Not Churned,Prod 2,31-40,701-800,100k-200k
15686137,456,Spain,Male,32,9,147506.25,Owned,Active,Not Churned,Prod 1,31-40,401-500,100k-200k
15809087,598,France,Male,64,1,0,Owned,Inactive,Churned,Prod 2,61-70,501-600,0
15807663,667,France,Male,43,8,190227.46,Owned,Inactive,Churned,Prod 1,41-50,601-700,100k-200k
15809100,548,France,Female,32,2,172448.77,Owned,Inactive,Churned,Prod 1,31-40,501-600,100k-200k
15794916,725,France,Male,41,7,113980.21,Owned,Active,Not Churned,Prod 1,41-50,701-800,100k-200k
15614215,717,France,Male,53,6,0,Not Owned,Active,Not Churned,Prod 2,51-60,701-800,0
15805449,594,France,Male,38,4,0,Not Owned,Inactive,Not Churned,Prod 2,31-40,501-600,0
15686983,678,Germany,Female,25,10,76968.12,Not Owned,Active,Not Churned,Prod 2,21-30,601-700,10k-100k
15808017,545,France,Male,38,1,88293.13,Owned,Active,Not Churned,Prod 2,31-40,501-600,10k-100k
15756804,636,France,Female,48,1,170833.46,Owned,Inactive,Churned,Prod 1,41-50,601-700,100k-200k
15646810,603,Germany,Male,44,6,108122.39,Owned,Inactive,Churned,Prod 2,41-50,601-700,100k-200k
15710424,435,France,Male,36,4,0,Owned,Active,Not Churned,Prod 1,31-40,401-500,0
15799422,535,France,Female,40,8,0,Owned,Active,Not Churned,Prod 1,31-40,501-600,0
15692750,629,Germany,Female,45,7,129818.39,Owned,Inactive,Churned,Prod 3,41-50,601-700,100k-200k
15794549,722,France,Female,35,2,163943.89,Owned,Active,Not Churned,Prod 2,31-40,701-800,100k-200k
15803764,561,France,Male,28,7,0,Owned,Inactive,Not Churned,Prod 2,21-30,501-600,0
15674840,645,France,Female,38,5,101430.3,Not Owned,Active,Not Churned,Prod 2,31-40,601-700,100k-200k
15653762,501,France,Female,39,9,117301.66,Not Owned,Inactive,Not Churned,Prod 1,31-40,501-600,100k-200k
15581229,502,Germany,Female,32,1,173340.83,Not Owned,Active,Not Churned,Prod 1,31-40,501-600,100k-200k
15800228,652,Spain,Female,42,4,0,Owned,Active,Not Churned,Prod 2,41-50,601-700,0
15656333,574,France,Female,33,3,134348.57,Owned,Inactive,Not Churned,Prod 1,31-40,501-600,100k-200k
15697497,518,France,Female,45,9,105525.65,Owned,Active,Not Churned,Prod 2,41-50,501-600,100k-200k
15585362,749,France,Female,60,6,0,Owned,Inactive,Churned,Prod 1,51-60,701-800,0
15571928,679,France,Female,43,4,0,Owned,Inactive,Churned,Prod 3,41-50,601-700,0
15785519,565,France,Male,36,6,106192.1,Owned,Inactive,Not Churned,Prod 1,31-40,501-600,100k-200k
15743007,643,France,Female,45,4,45144.43,Owned,Inactive,Churned,Prod 1,41-50,601-700,10k-100k
15777211,515,France,Male,65,7,92113.61,Owned,Active,Not Churned,Prod 1,61-70,501-600,10k-100k
15721935,521,France,Male,25,7,0,Owned,Active,Not Churned,Prod 2,21-30,501-600,0
15591711,739,Spain,Male,38,0,128366.44,Owned,Inactive,Not Churned,Prod 1,31-40,701-800,100k-200k
15625021,585,France,Male,42,2,0,Owned,Active,Not Churned,Prod 2,41-50,501-600,0
15702968,733,Germany,Male,74,3,106545.53,Owned,Active,Not Churned,Prod 1,>71,701-800,100k-200k
15600462,542,France,Female,43,8,145618.37,Not Owned,Active,Not Churned,Prod 1,41-50,501-600,100k-200k
15768104,788,Spain,Male,37,8,141541.25,Not Owned,Inactive,Not Churned,Prod 1,31-40,701-800,100k-200k
15780140,435,Germany,Male,32,2,57017.06,Owned,Active,Not Churned,Prod 2,31-40,401-500,10k-100k
15585255,577,France,Male,42,9,0,Owned,Inactive,Not Churned,Prod 1,41-50,501-600,0
15772781,703,France,Female,51,3,0,Owned,Active,Churned,Prod 3,51-60,701-800,0
15669987,728,Germany,Female,35,8,125884.95,Owned,Inactive,Churned,Prod 2,31-40,701-800,100k-200k
15697000,728,Germany,Male,32,5,61825.5,Owned,Active,Not Churned,Prod 1,31-40,701-800,10k-100k
15733119,718,France,Male,35,8,0,Owned,Inactive,Not Churned,Prod 2,31-40,701-800,0
15782390,621,France,Female,40,6,0,Owned,Inactive,Not Churned,Prod 1,31-40,601-700,0
15654700,523,France,Female,40,2,102967.41,Owned,Inactive,Churned,Prod 1,31-40,501-600,100k-200k
15632210,657,Germany,Male,25,2,171770.55,Owned,Inactive,Not Churned,Prod 1,21-30,601-700,100k-200k
15642041,727,Germany,Male,40,1,93051.64,Owned,Inactive,Churned,Prod 2,31-40,701-800,10k-100k
15709737,643,France,Male,36,7,161064.64,Not Owned,Active,Not Churned,Prod 2,31-40,601-700,100k-200k
15792388,645,France,Female,48,7,90612.34,Owned,Active,Not Churned,Prod 1,41-50,601-700,10k-100k
15786014,568,France,Male,28,5,145105.64,Owned,Inactive,Not Churned,Prod 2,21-30,501-600,100k-200k
15794580,599,France,Male,58,4,0,Not Owned,Inactive,Churned,Prod 1,51-60,501-600,0
15675964,672,France,Female,45,9,0,Owned,Active,Churned,Prod 1,41-50,601-700,0
15814275,685,France,Male,33,6,174912.72,Owned,Active,Not Churned,Prod 1,31-40,601-700,100k-200k
15724848,516,France,Female,46,1,104947.72,Owned,Inactive,Churned,Prod 1,41-50,501-600,100k-200k
15754713,685,Spain,Male,31,10,135213.71,Owned,Active,Not Churned,Prod 1,31-40,601-700,100k-200k
15693814,806,Spain,Male,25,7,0,Owned,Inactive,Not Churned,Prod 2,21-30,>=801,0
15599660,604,France,Male,36,6,116229.85,Owned,Active,Not Churned,Prod 2,31-40,601-700,100k-200k
15746490,648,Spain,Female,53,6,111201.41,Owned,Active,Not Churned,Prod 1,51-60,601-700,100k-200k
15566091,545,Spain,Female,32,4,0,Owned,Inactive,Not Churned,Prod 1,31-40,501-600,0
15655961,756,Germany,Male,27,1,131899,Owned,Inactive,Not Churned,Prod 1,21-30,701-800,100k-200k
15710404,569,France,Male,35,10,124525.52,Owned,Active,Not Churned,Prod 1,31-40,501-600,100k-200k
15775625,596,France,Male,47,6,0,Owned,Inactive,Not Churned,Prod 1,41-50,501-600,0
15792328,475,France,Male,39,6,0,Owned,Active,Churned,Prod 1,31-40,401-500,0
15719856,646,France,Female,45,3,47134.75,Owned,Active,Not Churned,Prod 1,41-50,601-700,10k-100k
15593773,784,Spain,Male,35,3,0,Not Owned,Inactive,Not Churned,Prod 2,31-40,701-800,0
15733114,552,Spain,Male,45,9,0,Owned,Inactive,Not Churned,Prod 2,41-50,501-600,0
15797748,729,France,Male,44,5,0,Not Owned,Active,Not Churned,Prod 2,41-50,701-800,0
15743411,609,Spain,Male,61,1,0,Owned,Inactive,Churned,Prod 1,61-70,601-700,0
15753337,555,France,Male,51,5,0,Owned,Inactive,Churned,Prod 3,51-60,501-600,0
15601026,572,Germany,Female,19,1,138657.08,Owned,Active,Not Churned,Prod 1,<20,501-600,100k-200k
15658485,785,France,Female,34,9,70302.48,Owned,Active,Not Churned,Prod 1,31-40,701-800,10k-100k
15636731,714,Germany,Female,36,1,101609.01,Owned,Active,Not Churned,Prod 2,31-40,701-800,100k-200k
15628303,738,Spain,Male,35,3,0,Owned,Active,Not Churned,Prod 1,31-40,701-800,0
15633461,639,Germany,Male,38,5,130170.82,Owned,Active,Not Churned,Prod 1,31-40,601-700,100k-200k
15677135,520,Germany,Male,61,8,133802.29,Owned,Active,Not Churned,Prod 2,61-70,501-600,100k-200k
15590876,764,France,Female,24,7,106234.02,Not Owned,Inactive,Not Churned,Prod 1,21-30,701-800,100k-200k
15790782,661,Spain,Male,39,6,132628.98,Not Owned,Inactive,Not Churned,Prod 1,31-40,601-700,100k-200k
15700476,564,Germany,Male,41,9,103522.75,Owned,Active,Not Churned,Prod 2,41-50,501-600,100k-200k
15634141,708,Germany,Female,42,8,192390.52,Owned,Inactive,Not Churned,Prod 2,41-50,701-800,100k-200k
15737795,512,Spain,Male,36,1,0,Not Owned,Active,Churned,Prod 1,31-40,501-600,0
15790299,592,Spain,Male,37,9,0,Owned,Active,Not Churned,Prod 3,31-40,501-600,0
15675316,619,France,Female,38,3,0,Not Owned,Active,Not Churned,Prod 2,31-40,601-700,0
15613630,775,France,Male,52,8,109922.61,Owned,Active,Churned,Prod 1,51-60,701-800,100k-200k
15662100,850,Germany,Female,44,5,128605.32,Not Owned,Active,Not Churned,Prod 1,41-50,>=801,100k-200k
15668032,577,France,Female,37,4,0,Owned,Active,Not Churned,Prod 1,31-40,501-600,0
15599289,724,France,Female,37,10,68598.56,Owned,Inactive,Not Churned,Prod 1,31-40,701-800,10k-100k
15754084,710,Spain,Male,35,1,106518.52,Owned,Active,Not Churned,Prod 1,31-40,701-800,100k-200k
15676521,696,France,Female,31,8,0,Not Owned,Inactive,Not Churned,Prod 2,31-40,601-700,0
15804586,376,France,Female,46,6,0,Owned,Inactive,Churned,Prod 1,41-50,<=400,0
15781465,675,Germany,Female,29,8,121326.42,Owned,Inactive,Not Churned,Prod 1,21-30,601-700,100k-200k
15729362,745,France,Male,36,8,67226.37,Owned,Inactive,Not Churned,Prod 1,31-40,701-800,10k-100k
15709295,697,Spain,Female,25,5,82931.85,Owned,Active,Not Churned,Prod 2,21-30,601-700,10k-100k
15745324,599,Spain,Female,39,4,0,Owned,Inactive,Churned,Prod 1,31-40,501-600,0
15741336,715,France,Female,38,5,118590.41,Owned,Active,Churned,Prod 1,31-40,701-800,100k-200k
15783659,659,France,Male,67,4,145981.87,Owned,Active,Not Churned,Prod 1,61-70,601-700,100k-200k
15620981,684,France,Female,48,3,73309.38,Not Owned,Inactive,Churned,Prod 1,41-50,601-700,10k-100k
15630328,635,France,Female,48,8,130796.33,Owned,Active,Not Churned,Prod 2,41-50,601-700,100k-200k
15785899,789,Germany,Male,33,8,151607.56,Owned,Inactive,Not Churned,Prod 1,31-40,701-800,100k-200k
15606149,571,Germany,Female,66,9,111577.01,Not Owned,Active,Not Churned,Prod 1,61-70,501-600,100k-200k
15671139,694,Spain,Male,39,0,107042.74,Owned,Active,Not Churned,Prod 1,31-40,601-700,100k-200k
15660429,665,Spain,Female,42,2,156371.61,Not Owned,Active,Churned,Prod 2,41-50,601-700,100k-200k
15571002,706,France,Female,44,4,129605.99,Not Owned,Inactive,Not Churned,Prod 1,41-50,701-800,100k-200k
15631681,807,Spain,Female,43,0,0,Not Owned,Active,Not Churned,Prod 2,41-50,>=801,0
15731522,771,Spain,Female,67,8,0,Owned,Active,Not Churned,Prod 2,61-70,701-800,0
15619529,531,Spain,Male,27,8,132576.25,Not Owned,Inactive,Not Churned,Prod 1,21-30,501-600,100k-200k
15628034,629,France,Female,37,6,129101.3,Owned,Active,Not Churned,Prod 1,31-40,601-700,100k-200k
15686164,850,Germany,Female,31,1,108822.4,Owned,Active,Not Churned,Prod 1,31-40,>=801,100k-200k
15582797,685,Spain,Male,35,4,137948.51,Owned,Inactive,Not Churned,Prod 1,31-40,601-700,100k-200k
15753831,642,Spain,Male,32,7,100433.8,Owned,Active,Not Churned,Prod 1,31-40,601-700,100k-200k
15731815,529,Spain,Male,63,4,96134.11,Owned,Inactive,Churned,Prod 3,61-70,501-600,10k-100k
15580956,683,Germany,Female,43,4,115888.04,Owned,Active,Churned,Prod 1,41-50,601-700,100k-200k
15602084,663,France,Female,42,5,124626.07,Owned,Active,Not Churned,Prod 1,41-50,601-700,100k-200k
15589805,563,France,Female,34,6,139810.34,Owned,Active,Not Churned,Prod 1,31-40,501-600,100k-200k
15720893,637,Spain,Female,34,9,0,Not Owned,Inactive,Not Churned,Prod 2,31-40,601-700,0
15641009,544,France,Male,37,3,84496.71,Not Owned,Inactive,Not Churned,Prod 1,31-40,501-600,10k-100k
15605926,649,Germany,Male,70,9,116854.71,Not Owned,Active,Not Churned,Prod 2,61-70,601-700,100k-200k
15805955,638,France,Female,48,10,138333.03,Owned,Active,Not Churned,Prod 1,41-50,601-700,100k-200k
15801488,723,France,Male,25,3,0,Owned,Active,Not Churned,Prod 2,21-30,701-800,0
15605918,635,Germany,Male,43,5,78992.75,Not Owned,Inactive,Not Churned,Prod 2,41-50,601-700,10k-100k
15779711,750,Spain,Female,38,7,97257.41,Not Owned,Active,Not Churned,Prod 2,31-40,701-800,10k-100k
15705620,730,France,Male,34,5,122453.37,Owned,Inactive,Not Churned,Prod 2,31-40,701-800,100k-200k
15685357,750,Spain,Female,36,8,112940.07,Not Owned,Active,Not Churned,Prod 1,31-40,701-800,100k-200k
15570060,586,France,Female,43,8,132558.26,Owned,Inactive,Churned,Prod 1,41-50,501-600,100k-200k
15582616,520,France,Female,38,4,0,Owned,Inactive,Not Churned,Prod 2,31-40,501-600,0
15799515,652,France,Female,48,8,133297.24,Owned,Inactive,Not Churned,Prod 1,41-50,601-700,100k-200k
15642937,550,France,Female,46,7,0,Owned,Inactive,Not Churned,Prod 2,41-50,501-600,0
15624729,594,France,Male,27,0,197041.8,Not Owned,Inactive,Not Churned,Prod 1,21-30,501-600,100k-200k
15566156,749,Germany,Female,44,0,71497.79,Not Owned,Inactive,Not Churned,Prod 2,41-50,701-800,10k-100k
15792360,668,France,Male,32,7,0,Owned,Active,Not Churned,Prod 2,31-40,601-700,0
15807008,614,Germany,Female,35,6,128100.28,Not Owned,Inactive,Churned,Prod 1,31-40,601-700,100k-200k
15704770,773,France,Male,25,1,124532.78,Not Owned,Active,Not Churned,Prod 2,21-30,701-800,100k-200k
15756475,551,Germany,Male,31,9,82293.82,Owned,Active,Not Churned,Prod 2,31-40,501-600,10k-100k
15655339,566,France,Male,36,1,142120.91,Owned,Inactive,Not Churned,Prod 1,31-40,501-600,100k-200k
15613749,569,Spain,Male,34,0,151839.26,Owned,Inactive,Churned,Prod 1,31-40,501-600,100k-200k
15664521,659,Spain,Male,31,7,149620.88,Owned,Active,Not Churned,Prod 2,31-40,601-700,100k-200k
15681206,722,France,Female,49,3,168197.66,Owned,Inactive,Churned,Prod 1,41-50,701-800,100k-200k
15745527,655,France,Male,37,5,93147,Owned,Inactive,Not Churned,Prod 2,31-40,601-700,10k-100k
15806926,615,France,Female,35,2,97440.02,Owned,Active,Not Churned,Prod 2,31-40,601-700,10k-100k
15724563,752,Germany,Female,42,3,65046.08,Not Owned,Active,Not Churned,Prod 2,41-50,701-800,10k-100k
15782899,661,Spain,Female,28,7,95357.49,Not Owned,Inactive,Not Churned,Prod 1,21-30,601-700,10k-100k
15623521,838,Spain,Male,43,9,123105.88,Owned,Inactive,Not Churned,Prod 2,41-50,>=801,100k-200k
15810218,610,Spain,Male,29,9,0,Not Owned,Active,Not Churned,Prod 3,21-30,601-700,0
15645621,811,Spain,Male,44,3,0,Not Owned,Active,Not Churned,Prod 2,41-50,>=801,0
15608114,587,Spain,Male,62,7,121286.27,Not Owned,Active,Not Churned,Prod 1,61-70,501-600,100k-200k
15659557,811,Germany,Female,28,4,167738.82,Owned,Active,Not Churned,Prod 2,21-30,>=801,100k-200k
15787772,759,France,Female,38,1,104091.29,Not Owned,Inactive,Not Churned,Prod 1,31-40,701-800,100k-200k
